범죄유형,성별,나이,발생횟수,년도
강력범죄,남자,20세이하,4116,2012
강력범죄,남자,21-30세,4904,2012
강력범죄,남자,31-40세,4803,2012
강력범죄,남자,41-50세,4756,2012
강력범죄,남자,51-60세,3006,2012
강력범죄,남자,61-70세,880,2012
강력범죄,남자,71세이상,350,2012
강력범죄,남자,미상,4,2012
강력범죄,여자,20세이하,261,2012
강력범죄,여자,21-30세,170,2012
강력범죄,여자,31-40세,145,2012
강력범죄,여자,41-50세,207,2012
강력범죄,여자,51-60세,139,2012
강력범죄,여자,61-70세,39,2012
강력범죄,여자,71세이상,8,2012
강력범죄,여자,미상,1,2012
강력범죄,남자,20세이하,3898,2013
강력범죄,남자,21-30세,5089,2013
강력범죄,남자,31-40세,5065,2013
강력범죄,남자,41-50세,5195,2013
강력범죄,남자,51-60세,3531,2013
강력범죄,남자,61-70세,1191,2013
강력범죄,남자,71세이상,446,2013
강력범죄,남자,미상,18,2013
강력범죄,여자,20세이하,236,2013
강력범죄,여자,21-30세,143,2013
강력범죄,여자,31-40세,129,2013
강력범죄,여자,41-50세,190,2013
강력범죄,여자,51-60세,156,2013
강력범죄,여자,61-70세,39,2013
강력범죄,여자,71세이상,21,2013
강력범죄,여자,미상,4,2013
강력범죄,남자,20세이하,3522,2014
강력범죄,남자,21-30세,4990,2014
강력범죄,남자,31-40세,4788,2014
강력범죄,남자,41-50세,5278,2014
강력범죄,남자,51-60세,3755,2014
강력범죄,남자,61-70세,1282,2014
강력범죄,남자,71세이상,539,2014
강력범죄,남자,미상,29,2014
강력범죄,여자,20세이하,183,2014
강력범죄,여자,21-30세,108,2014
강력범죄,여자,31-40세,149,2014
강력범죄,여자,41-50세,214,2014
강력범죄,여자,51-60세,173,2014
강력범죄,여자,61-70세,36,2014
강력범죄,여자,71세이상,12,2014
강력범죄,여자,미상,7,2014
강력범죄,남자,20세이하,3190,2015
강력범죄,남자,21-30세,5112,2015
강력범죄,남자,31-40세,5022,2015
강력범죄,남자,41-50세,5317,2015
강력범죄,남자,51-60세,4104,2015
강력범죄,남자,61-70세,1482,2015
강력범죄,남자,71세이상,627,2015
강력범죄,남자,미상,19,2015
강력범죄,여자,20세이하,197,2015
강력범죄,여자,21-30세,146,2015
강력범죄,여자,31-40세,164,2015
강력범죄,여자,41-50세,221,2015
강력범죄,여자,51-60세,155,2015
강력범죄,여자,61-70세,34,2015
강력범죄,여자,71세이상,27,2015
강력범죄,여자,미상,4,2015
강력범죄,남자,20세이하,3289,2016
강력범죄,남자,21-30세,5394,2016
강력범죄,남자,31-40세,5094,2016
강력범죄,남자,41-50세,5400,2016
강력범죄,남자,51-60세,4455,2016
강력범죄,남자,61-70세,1663,2016
강력범죄,남자,71세이상,778,2016
강력범죄,남자,미상,23,2016
강력범죄,여자,20세이하,172,2016
강력범죄,여자,21-30세,172,2016
강력범죄,여자,31-40세,167,2016
강력범죄,여자,41-50세,230,2016
강력범죄,여자,51-60세,155,2016
강력범죄,여자,61-70세,47,2016
강력범죄,여자,71세이상,22,2016
강력범죄,여자,미상,10,2016
강력범죄,남자,20세이하,3215,2017
강력범죄,남자,21-30세,6189,2017
강력범죄,남자,31-40세,5341,2017
강력범죄,남자,41-50세,5507,2017
강력범죄,남자,51-60세,4770,2017
강력범죄,남자,61-70세,2004,2017
강력범죄,남자,71세이상,814,2017
강력범죄,남자,미상,9,2017
강력범죄,여자,20세이하,190,2017
강력범죄,여자,21-30세,190,2017
강력범죄,여자,31-40세,215,2017
강력범죄,여자,41-50세,212,2017
강력범죄,여자,51-60세,191,2017
강력범죄,여자,61-70세,62,2017
강력범죄,여자,71세이상,17,2017
강력범죄,여자,미상,1,2017
강력범죄,남자,20세이하,3126,2018
강력범죄,남자,21-30세,6091,2018
강력범죄,남자,31-40세,4922,2018
강력범죄,남자,41-50세,5252,2018
강력범죄,남자,51-60세,4817,2018
강력범죄,남자,61-70세,2024,2018
강력범죄,남자,71세이상,854,2018
강력범죄,남자,미상,28,2018
강력범죄,여자,20세이하,205,2018
강력범죄,여자,21-30세,238,2018
강력범죄,여자,31-40세,184,2018
강력범죄,여자,41-50세,262,2018
강력범죄,여자,51-60세,204,2018
강력범죄,여자,61-70세,66,2018
강력범죄,여자,71세이상,27,2018
강력범죄,여자,미상,2,2018
강력범죄,남자,20세이하,3342,2019
강력범죄,남자,21-30세,6233,2019
강력범죄,남자,31-40세,5022,2019
강력범죄,남자,41-50세,4971,2019
강력범죄,남자,51-60세,4796,2019
강력범죄,남자,61-70세,2228,2019
강력범죄,남자,71세이상,1007,2019
강력범죄,남자,미상,27,2019
강력범죄,여자,20세이하,218,2019
강력범죄,여자,21-30세,256,2019
강력범죄,여자,31-40세,227,2019
강력범죄,여자,41-50세,247,2019
강력범죄,여자,51-60세,236,2019
강력범죄,여자,61-70세,100,2019
강력범죄,여자,71세이상,25,2019
강력범죄,여자,미상,8,2019
강력범죄,남자,20세이하,2707,2020
강력범죄,남자,21-30세,5908,2020
강력범죄,남자,31-40세,4746,2020
강력범죄,남자,41-50세,4553,2020
강력범죄,남자,51-60세,4524,2020
강력범죄,남자,61-70세,2285,2020
강력범죄,남자,71세이상,889,2020
강력범죄,남자,미상,16,2020
강력범죄,여자,20세이하,190,2020
강력범죄,여자,21-30세,270,2020
강력범죄,여자,31-40세,231,2020
강력범죄,여자,41-50세,262,2020
강력범죄,여자,51-60세,227,2020
강력범죄,여자,61-70세,117,2020
강력범죄,여자,71세이상,35,2020
강력범죄,여자,미상,11,2020
강력범죄,남자,20세이하,2293,2021
강력범죄,남자,21-30세,5263,2021
강력범죄,남자,31-40세,3882,2021
강력범죄,남자,41-50세,3749,2021
강력범죄,남자,51-60세,3730,2021
강력범죄,남자,61-70세,2032,2021
강력범죄,남자,71세이상,941,2021
강력범죄,남자,미상,17,2021
강력범죄,여자,20세이하,149,2021
강력범죄,여자,21-30세,250,2021
강력범죄,여자,31-40세,192,2021
강력범죄,여자,41-50세,218,2021
강력범죄,여자,51-60세,178,2021
강력범죄,여자,61-70세,66,2021
강력범죄,여자,71세이상,23,2021
강력범죄,여자,미상,9,2021
절도범죄,남자,20세이하,36778,2012
절도범죄,남자,21-30세,13508,2012
절도범죄,남자,31-40세,10245,2012
절도범죄,남자,41-50세,10752,2012
절도범죄,남자,51-60세,8378,2012
절도범죄,남자,61-70세,3009,2012
절도범죄,남자,71세이상,1245,2012
절도범죄,남자,미상,4,2012
절도범죄,여자,20세이하,5237,2012
절도범죄,여자,21-30세,3167,2012
절도범죄,여자,31-40세,2876,2012
절도범죄,여자,41-50세,3731,2012
절도범죄,여자,51-60세,3568,2012
절도범죄,여자,61-70세,1416,2012
절도범죄,여자,71세이상,503,2012
절도범죄,여자,미상,17,2012
절도범죄,남자,20세이하,32686,2013
절도범죄,남자,21-30세,13819,2013
절도범죄,남자,31-40세,10786,2013
절도범죄,남자,41-50세,11102,2013
절도범죄,남자,51-60세,8750,2013
절도범죄,남자,61-70세,3275,2013
절도범죄,남자,71세이상,1468,2013
절도범죄,남자,미상,12,2013
절도범죄,여자,20세이하,4995,2013
절도범죄,여자,21-30세,3085,2013
절도범죄,여자,31-40세,2968,2013
절도범죄,여자,41-50세,3796,2013
절도범죄,여자,51-60세,3790,2013
절도범죄,여자,61-70세,1490,2013
절도범죄,여자,71세이상,625,2013
절도범죄,여자,미상,11,2013
절도범죄,남자,20세이하,27034,2014
절도범죄,남자,21-30세,12927,2014
절도범죄,남자,31-40세,10288,2014
절도범죄,남자,41-50세,10650,2014
절도범죄,남자,51-60세,9187,2014
절도범죄,남자,61-70세,3791,2014
절도범죄,남자,71세이상,1860,2014
절도범죄,남자,미상,16,2014
절도범죄,여자,20세이하,3571,2014
절도범죄,여자,21-30세,2891,2014
절도범죄,여자,31-40세,2835,2014
절도범죄,여자,41-50세,3744,2014
절도범죄,여자,51-60세,4182,2014
절도범죄,여자,61-70세,1795,2014
절도범죄,여자,71세이상,857,2014
절도범죄,여자,미상,17,2014
절도범죄,남자,20세이하,27608,2015
절도범죄,남자,21-30세,13993,2015
절도범죄,남자,31-40세,10978,2015
절도범죄,남자,41-50세,11336,2015
절도범죄,남자,51-60세,10549,2015
절도범죄,남자,61-70세,4640,2015
절도범죄,남자,71세이상,2511,2015
절도범죄,남자,미상,23,2015
절도범죄,여자,20세이하,3467,2015
절도범죄,여자,21-30세,3114,2015
절도범죄,여자,31-40세,2964,2015
절도범죄,여자,41-50세,3906,2015
절도범죄,여자,51-60세,4615,2015
절도범죄,여자,61-70세,2228,2015
절도범죄,여자,71세이상,1215,2015
절도범죄,여자,미상,19,2015
절도범죄,남자,20세이하,23900,2016
절도범죄,남자,21-30세,14561,2016
절도범죄,남자,31-40세,11278,2016
절도범죄,남자,41-50세,11326,2016
절도범죄,남자,51-60세,11653,2016
절도범죄,남자,61-70세,5846,2016
절도범죄,남자,71세이상,3335,2016
절도범죄,남자,미상,37,2016
절도범죄,여자,20세이하,3379,2016
절도범죄,여자,21-30세,3473,2016
절도범죄,여자,31-40세,3374,2016
절도범죄,여자,41-50세,4228,2016
절도범죄,여자,51-60세,5212,2016
절도범죄,여자,61-70세,2934,2016
절도범죄,여자,71세이상,1841,2016
절도범죄,여자,미상,38,2016
절도범죄,남자,20세이하,20726,2017
절도범죄,남자,21-30세,14103,2017
절도범죄,남자,31-40세,10902,2017
절도범죄,남자,41-50세,11529,2017
절도범죄,남자,51-60세,12404,2017
절도범죄,남자,61-70세,6695,2017
절도범죄,남자,71세이상,4109,2017
절도범죄,남자,미상,26,2017
절도범죄,여자,20세이하,3392,2017
절도범죄,여자,21-30세,3359,2017
절도범죄,여자,31-40세,3269,2017
절도범죄,여자,41-50세,4213,2017
절도범죄,여자,51-60세,5305,2017
절도범죄,여자,61-70세,3406,2017
절도범죄,여자,71세이상,2240,2017
절도범죄,여자,미상,17,2017
절도범죄,남자,20세이하,17128,2018
절도범죄,남자,21-30세,12479,2018
절도범죄,남자,31-40세,9815,2018
절도범죄,남자,41-50세,10554,2018
절도범죄,남자,51-60세,11915,2018
절도범죄,남자,61-70세,6969,2018
절도범죄,남자,71세이상,4320,2018
절도범죄,남자,미상,54,2018
절도범죄,여자,20세이하,3094,2018
절도범죄,여자,21-30세,2950,2018
절도범죄,여자,31-40세,2938,2018
절도범죄,여자,41-50세,3837,2018
절도범죄,여자,51-60세,5138,2018
절도범죄,여자,61-70세,3706,2018
절도범죄,여자,71세이상,2411,2018
절도범죄,여자,미상,26,2018
절도범죄,남자,20세이하,17259,2019
절도범죄,남자,21-30세,11421,2019
절도범죄,남자,31-40세,9674,2019
절도범죄,남자,41-50세,10568,2019
절도범죄,남자,51-60세,12397,2019
절도범죄,남자,61-70세,8148,2019
절도범죄,남자,71세이상,5468,2019
절도범죄,남자,미상,44,2019
절도범죄,여자,20세이하,3073,2019
절도범죄,여자,21-30세,3059,2019
절도범죄,여자,31-40세,3103,2019
절도범죄,여자,41-50세,3941,2019
절도범죄,여자,51-60세,5345,2019
절도범죄,여자,61-70세,4478,2019
절도범죄,여자,71세이상,3276,2019
절도범죄,여자,미상,41,2019
절도범죄,남자,20세이하,17205,2020
절도범죄,남자,21-30세,10232,2020
절도범죄,남자,31-40세,8754,2020
절도범죄,남자,41-50세,9666,2020
절도범죄,남자,51-60세,12225,2020
절도범죄,남자,61-70세,8607,2020
절도범죄,남자,71세이상,5936,2020
절도범죄,남자,미상,40,2020
절도범죄,여자,20세이하,2497,2020
절도범죄,여자,21-30세,2752,2020
절도범죄,여자,31-40세,2791,2020
절도범죄,여자,41-50세,3781,2020
절도범죄,여자,51-60세,5447,2020
절도범죄,여자,61-70세,4842,2020
절도범죄,여자,71세이상,3620,2020
절도범죄,여자,미상,30,2020
절도범죄,남자,20세이하,12772,2021
절도범죄,남자,21-30세,7661,2021
절도범죄,남자,31-40세,6624,2021
절도범죄,남자,41-50세,8021,2021
절도범죄,남자,51-60세,10687,2021
절도범죄,남자,61-70세,8781,2021
절도범죄,남자,71세이상,6606,2021
절도범죄,남자,미상,46,2021
절도범죄,여자,20세이하,1884,2021
절도범죄,여자,21-30세,2298,2021
절도범죄,여자,31-40세,2505,2021
절도범죄,여자,41-50세,3325,2021
절도범죄,여자,51-60세,5030,2021
절도범죄,여자,61-70세,5010,2021
절도범죄,여자,71세이상,4419,2021
절도범죄,여자,미상,18,2021
폭력범죄,남자,20세이하,35322,2012
폭력범죄,남자,21-30세,59444,2012
폭력범죄,남자,31-40세,70576,2012
폭력범죄,남자,41-50세,89446,2012
폭력범죄,남자,51-60세,61728,2012
폭력범죄,남자,61-70세,15905,2012
폭력범죄,남자,71세이상,4130,2012
폭력범죄,남자,미상,40,2012
폭력범죄,여자,20세이하,10813,2012
폭력범죄,여자,21-30세,10414,2012
폭력범죄,여자,31-40세,10143,2012
폭력범죄,여자,41-50세,15599,2012
폭력범죄,여자,51-60세,12256,2012
폭력범죄,여자,61-70세,3336,2012
폭력범죄,여자,71세이상,1104,2012
폭력범죄,여자,미상,26,2012
폭력범죄,남자,20세이하,26812,2013
폭력범죄,남자,21-30세,53891,2013
폭력범죄,남자,31-40세,66459,2013
폭력범죄,남자,41-50세,84049,2013
폭력범죄,남자,51-60세,61096,2013
폭력범죄,남자,61-70세,15716,2013
폭력범죄,남자,71세이상,4482,2013
폭력범죄,남자,미상,201,2013
폭력범죄,여자,20세이하,7296,2013
폭력범죄,여자,21-30세,9871,2013
폭력범죄,여자,31-40세,9778,2013
폭력범죄,여자,41-50세,13854,2013
폭력범죄,여자,51-60세,11833,2013
폭력범죄,여자,61-70세,3308,2013
폭력범죄,여자,71세이상,1211,2013
폭력범죄,여자,미상,56,2013
폭력범죄,남자,20세이하,25969,2014
폭력범죄,남자,21-30세,50494,2014
폭력범죄,남자,31-40세,62181,2014
폭력범죄,남자,41-50세,79095,2014
폭력범죄,남자,51-60세,63149,2014
폭력범죄,남자,61-70세,17113,2014
폭력범죄,남자,71세이상,5225,2014
폭력범죄,남자,미상,213,2014
폭력범죄,여자,20세이하,5878,2014
폭력범죄,여자,21-30세,9180,2014
폭력범죄,여자,31-40세,9474,2014
폭력범죄,여자,41-50세,13245,2014
폭력범죄,여자,51-60세,11993,2014
폭력범죄,여자,61-70세,3571,2014
폭력범죄,여자,71세이상,1386,2014
폭력범죄,여자,미상,109,2014
폭력범죄,남자,20세이하,27265,2015
폭력범죄,남자,21-30세,51135,2015
폭력범죄,남자,31-40세,62382,2015
폭력범죄,남자,41-50세,80555,2015
폭력범죄,남자,51-60세,66480,2015
폭력범죄,남자,61-70세,19243,2015
폭력범죄,남자,71세이상,6177,2015
폭력범죄,남자,미상,260,2015
폭력범죄,여자,20세이하,6177,2015
폭력범죄,여자,21-30세,10254,2015
폭력범죄,여자,31-40세,10555,2015
폭력범죄,여자,41-50세,13927,2015
폭력범죄,여자,51-60세,12538,2015
폭력범죄,여자,61-70세,3954,2015
폭력범죄,여자,71세이상,1716,2015
폭력범죄,여자,미상,105,2015
폭력범죄,남자,20세이하,27810,2016
폭력범죄,남자,21-30세,52139,2016
폭력범죄,남자,31-40세,62969,2016
폭력범죄,남자,41-50세,78944,2016
폭력범죄,남자,51-60세,68408,2016
폭력범죄,남자,61-70세,22051,2016
폭력범죄,남자,71세이상,6761,2016
폭력범죄,남자,미상,215,2016
폭력범죄,여자,20세이하,6650,2016
폭력범죄,여자,21-30세,11065,2016
폭력범죄,여자,31-40세,11332,2016
폭력범죄,여자,41-50세,13744,2016
폭력범죄,여자,51-60세,12629,2016
폭력범죄,여자,61-70세,4296,2016
폭력범죄,여자,71세이상,1817,2016
폭력범죄,여자,미상,135,2016
폭력범죄,남자,20세이하,28090,2017
폭력범죄,남자,21-30세,52025,2017
폭력범죄,남자,31-40세,57866,2017
폭력범죄,남자,41-50세,71332,2017
폭력범죄,남자,51-60세,64129,2017
폭력범죄,남자,61-70세,22886,2017
폭력범죄,남자,71세이상,6815,2017
폭력범죄,남자,미상,206,2017
폭력범죄,여자,20세이하,7235,2017
폭력범죄,여자,21-30세,11437,2017
폭력범죄,여자,31-40세,10664,2017
폭력범죄,여자,41-50세,12654,2017
폭력범죄,여자,51-60세,11882,2017
폭력범죄,여자,61-70세,4362,2017
폭력범죄,여자,71세이상,1833,2017
폭력범죄,여자,미상,95,2017
폭력범죄,남자,20세이하,26245,2018
폭력범죄,남자,21-30세,47443,2018
폭력범죄,남자,31-40세,53292,2018
폭력범죄,남자,41-50세,66511,2018
폭력범죄,남자,51-60세,63783,2018
폭력범죄,남자,61-70세,24563,2018
폭력범죄,남자,71세이상,7642,2018
폭력범죄,남자,미상,323,2018
폭력범죄,여자,20세이하,7025,2018
폭력범죄,여자,21-30세,10753,2018
폭력범죄,여자,31-40세,10649,2018
폭력범죄,여자,41-50세,12039,2018
폭력범죄,여자,51-60세,11692,2018
폭력범죄,여자,61-70세,4859,2018
폭력범죄,여자,71세이상,2014,2018
폭력범죄,여자,미상,136,2018
폭력범죄,남자,20세이하,24921,2019
폭력범죄,남자,21-30세,45930,2019
폭력범죄,남자,31-40세,50460,2019
폭력범죄,남자,41-50세,64183,2019
폭력범죄,남자,51-60세,63324,2019
폭력범죄,남자,61-70세,26852,2019
폭력범죄,남자,71세이상,8692,2019
폭력범죄,남자,미상,271,2019
폭력범죄,여자,20세이하,6880,2019
폭력범죄,여자,21-30세,11329,2019
폭력범죄,여자,31-40세,11228,2019
폭력범죄,여자,41-50세,12542,2019
폭력범죄,여자,51-60세,11910,2019
폭력범죄,여자,61-70세,5448,2019
폭력범죄,여자,71세이상,2350,2019
폭력범죄,여자,미상,241,2019
폭력범죄,남자,20세이하,21075,2020
폭력범죄,남자,21-30세,41985,2020
폭력범죄,남자,31-40세,43803,2020
폭력범죄,남자,41-50세,56628,2020
폭력범죄,남자,51-60세,58958,2020
폭력범죄,남자,61-70세,27230,2020
폭력범죄,남자,71세이상,8648,2020
폭력범죄,남자,미상,222,2020
폭력범죄,여자,20세이하,5410,2020
폭력범죄,여자,21-30세,9981,2020
폭력범죄,여자,31-40세,9953,2020
폭력범죄,여자,41-50세,11104,2020
폭력범죄,여자,51-60세,11083,2020
폭력범죄,여자,61-70세,5466,2020
폭력범죄,여자,71세이상,2226,2020
폭력범죄,여자,미상,218,2020
폭력범죄,남자,20세이하,18005,2021
폭력범죄,남자,21-30세,34327,2021
폭력범죄,남자,31-40세,34378,2021
폭력범죄,남자,41-50세,45611,2021
폭력범죄,남자,51-60세,48936,2021
폭력범죄,남자,61-70세,25637,2021
폭력범죄,남자,71세이상,8561,2021
폭력범죄,남자,미상,201,2021
폭력범죄,여자,20세이하,4813,2021
폭력범죄,여자,21-30세,8619,2021
폭력범죄,여자,31-40세,8907,2021
폭력범죄,여자,41-50세,9773,2021
폭력범죄,여자,51-60세,9156,2021
폭력범죄,여자,61-70세,5082,2021
폭력범죄,여자,71세이상,2142,2021
폭력범죄,여자,미상,81,2021
지능범죄,남자,20세이하,11380,2012
지능범죄,남자,21-30세,23602,2012
지능범죄,남자,31-40세,46242,2012
지능범죄,남자,41-50세,68448,2012
지능범죄,남자,51-60세,50865,2012
지능범죄,남자,61-70세,13328,2012
지능범죄,남자,71세이상,3512,2012
지능범죄,남자,미상,97,2012
지능범죄,여자,20세이하,3438,2012
지능범죄,여자,21-30세,7985,2012
지능범죄,여자,31-40세,12938,2012
지능범죄,여자,41-50세,18148,2012
지능범죄,여자,51-60세,15368,2012
지능범죄,여자,61-70세,3858,2012
지능범죄,여자,71세이상,902,2012
지능범죄,여자,미상,132,2012
지능범죄,남자,20세이하,13611,2013
지능범죄,남자,21-30세,29543,2013
지능범죄,남자,31-40세,50521,2013
지능범죄,남자,41-50세,71487,2013
지능범죄,남자,51-60세,54953,2013
지능범죄,남자,61-70세,14712,2013
지능범죄,남자,71세이상,3868,2013
지능범죄,남자,미상,236,2013
지능범죄,여자,20세이하,3885,2013
지능범죄,여자,21-30세,8833,2013
지능범죄,여자,31-40세,12906,2013
지능범죄,여자,41-50세,18098,2013
지능범죄,여자,51-60세,15757,2013
지능범죄,여자,61-70세,4313,2013
지능범죄,여자,71세이상,1090,2013
지능범죄,여자,미상,212,2013
지능범죄,남자,20세이하,13039,2014
지능범죄,남자,21-30세,26000,2014
지능범죄,남자,31-40세,44734,2014
지능범죄,남자,41-50세,66444,2014
지능범죄,남자,51-60세,54455,2014
지능범죄,남자,61-70세,15139,2014
지능범죄,남자,71세이상,4184,2014
지능범죄,남자,미상,404,2014
지능범죄,여자,20세이하,3680,2014
지능범죄,여자,21-30세,7486,2014
지능범죄,여자,31-40세,11565,2014
지능범죄,여자,41-50세,17013,2014
지능범죄,여자,51-60세,15785,2014
지능범죄,여자,61-70세,4577,2014
지능범죄,여자,71세이상,1193,2014
지능범죄,여자,미상,401,2014
지능범죄,남자,20세이하,15429,2015
지능범죄,남자,21-30세,29742,2015
지능범죄,남자,31-40세,43626,2015
지능범죄,남자,41-50세,63999,2015
지능범죄,남자,51-60세,55656,2015
지능범죄,남자,61-70세,16026,2015
지능범죄,남자,71세이상,4349,2015
지능범죄,남자,미상,283,2015
지능범죄,여자,20세이하,4329,2015
지능범죄,여자,21-30세,9018,2015
지능범죄,여자,31-40세,12091,2015
지능범죄,여자,41-50세,16983,2015
지능범죄,여자,51-60세,16184,2015
지능범죄,여자,61-70세,5018,2015
지능범죄,여자,71세이상,1239,2015
지능범죄,여자,미상,407,2015
지능범죄,남자,20세이하,14788,2016
지능범죄,남자,21-30세,30020,2016
지능범죄,남자,31-40세,41241,2016
지능범죄,남자,41-50세,60282,2016
지능범죄,남자,51-60세,54938,2016
지능범죄,남자,61-70세,17349,2016
지능범죄,남자,71세이상,4549,2016
지능범죄,남자,미상,243,2016
지능범죄,여자,20세이하,3878,2016
지능범죄,여자,21-30세,8074,2016
지능범죄,여자,31-40세,11640,2016
지능범죄,여자,41-50세,15882,2016
지능범죄,여자,51-60세,16545,2016
지능범죄,여자,61-70세,5551,2016
지능범죄,여자,71세이상,1397,2016
지능범죄,여자,미상,648,2016
지능범죄,남자,20세이하,12923,2017
지능범죄,남자,21-30세,29962,2017
지능범죄,남자,31-40세,37046,2017
지능범죄,남자,41-50세,55020,2017
지능범죄,남자,51-60세,51821,2017
지능범죄,남자,61-70세,17705,2017
지능범죄,남자,71세이상,4571,2017
지능범죄,남자,미상,186,2017
지능범죄,여자,20세이하,3623,2017
지능범죄,여자,21-30세,7521,2017
지능범죄,여자,31-40세,10684,2017
지능범죄,여자,41-50세,14642,2017
지능범죄,여자,51-60세,15784,2017
지능범죄,여자,61-70세,5821,2017
지능범죄,여자,71세이상,1427,2017
지능범죄,여자,미상,381,2017
지능범죄,남자,20세이하,14307,2018
지능범죄,남자,21-30세,33430,2018
지능범죄,남자,31-40세,37743,2018
지능범죄,남자,41-50세,56172,2018
지능범죄,남자,51-60세,55703,2018
지능범죄,남자,61-70세,20933,2018
지능범죄,남자,71세이상,5491,2018
지능범죄,남자,미상,397,2018
지능범죄,여자,20세이하,3541,2018
지능범죄,여자,21-30세,8551,2018
지능범죄,여자,31-40세,12031,2018
지능범죄,여자,41-50세,16867,2018
지능범죄,여자,51-60세,17581,2018
지능범죄,여자,61-70세,7249,2018
지능범죄,여자,71세이상,1777,2018
지능범죄,여자,미상,341,2018
지능범죄,남자,20세이하,16076,2019
지능범죄,남자,21-30세,37001,2019
지능범죄,남자,31-40세,38910,2019
지능범죄,남자,41-50세,55876,2019
지능범죄,남자,51-60세,58497,2019
지능범죄,남자,61-70세,23650,2019
지능범죄,남자,71세이상,5586,2019
지능범죄,남자,미상,356,2019
지능범죄,여자,20세이하,3568,2019
지능범죄,여자,21-30세,9189,2019
지능범죄,여자,31-40세,12366,2019
지능범죄,여자,41-50세,17623,2019
지능범죄,여자,51-60세,19030,2019
지능범죄,여자,61-70세,8243,2019
지능범죄,여자,71세이상,2106,2019
지능범죄,여자,미상,705,2019
지능범죄,남자,20세이하,18926,2020
지능범죄,남자,21-30세,41684,2020
지능범죄,남자,31-40세,37370,2020
지능범죄,남자,41-50세,51554,2020
지능범죄,남자,51-60세,56346,2020
지능범죄,남자,61-70세,24570,2020
지능범죄,남자,71세이상,6138,2020
지능범죄,남자,미상,472,2020
지능범죄,여자,20세이하,4146,2020
지능범죄,여자,21-30세,10108,2020
지능범죄,여자,31-40세,10921,2020
지능범죄,여자,41-50세,15216,2020
지능범죄,여자,51-60세,17959,2020
지능범죄,여자,61-70세,8717,2020
지능범죄,여자,71세이상,2142,2020
지능범죄,여자,미상,1437,2020
지능범죄,남자,20세이하,12981,2021
지능범죄,남자,21-30세,33024,2021
지능범죄,남자,31-40세,24855,2021
지능범죄,남자,41-50세,31575,2021
지능범죄,남자,51-60세,35412,2021
지능범죄,남자,61-70세,17821,2021
지능범죄,남자,71세이상,4631,2021
지능범죄,남자,미상,453,2021
지능범죄,여자,20세이하,3621,2021
지능범죄,여자,21-30세,8114,2021
지능범죄,여자,31-40세,7018,2021
지능범죄,여자,41-50세,9963,2021
지능범죄,여자,51-60세,12108,2021
지능범죄,여자,61-70세,6704,2021
지능범죄,여자,71세이상,1859,2021
지능범죄,여자,미상,242,2021
풍속범죄,남자,20세이하,1466,2012
풍속범죄,남자,21-30세,6601,2012
풍속범죄,남자,31-40세,8889,2012
풍속범죄,남자,41-50세,12081,2012
풍속범죄,남자,51-60세,10281,2012
풍속범죄,남자,61-70세,2410,2012
풍속범죄,남자,71세이상,323,2012
풍속범죄,남자,미상,2,2012
풍속범죄,여자,20세이하,116,2012
풍속범죄,여자,21-30세,717,2012
풍속범죄,여자,31-40세,1235,2012
풍속범죄,여자,41-50세,2611,2012
풍속범죄,여자,51-60세,3108,2012
풍속범죄,여자,61-70세,939,2012
풍속범죄,여자,71세이상,121,2012
풍속범죄,여자,미상,5,2012
풍속범죄,남자,20세이하,1697,2013
풍속범죄,남자,21-30세,7950,2013
풍속범죄,남자,31-40세,9109,2013
풍속범죄,남자,41-50세,10113,2013
풍속범죄,남자,51-60세,9220,2013
풍속범죄,남자,61-70세,2237,2013
풍속범죄,남자,71세이상,309,2013
풍속범죄,남자,미상,9,2013
풍속범죄,여자,20세이하,126,2013
풍속범죄,여자,21-30세,688,2013
풍속범죄,여자,31-40세,1110,2013
풍속범죄,여자,41-50세,2021,2013
풍속범죄,여자,51-60세,2510,2013
풍속범죄,여자,61-70세,791,2013
풍속범죄,여자,71세이상,118,2013
풍속범죄,여자,미상,6,2013
풍속범죄,남자,20세이하,1400,2014
풍속범죄,남자,21-30세,5590,2014
풍속범죄,남자,31-40세,7489,2014
풍속범죄,남자,41-50세,8970,2014
풍속범죄,남자,51-60세,8685,2014
풍속범죄,남자,61-70세,2188,2014
풍속범죄,남자,71세이상,355,2014
풍속범죄,남자,미상,2,2014
풍속범죄,여자,20세이하,75,2014
풍속범죄,여자,21-30세,598,2014
풍속범죄,여자,31-40세,1064,2014
풍속범죄,여자,41-50세,1770,2014
풍속범죄,여자,51-60세,2452,2014
풍속범죄,여자,61-70세,883,2014
풍속범죄,여자,71세이상,153,2014
풍속범죄,여자,미상,20,2014
풍속범죄,남자,20세이하,1562,2015
풍속범죄,남자,21-30세,5845,2015
풍속범죄,남자,31-40세,6917,2015
풍속범죄,남자,41-50세,8288,2015
풍속범죄,남자,51-60세,8965,2015
풍속범죄,남자,61-70세,2478,2015
풍속범죄,남자,71세이상,442,2015
풍속범죄,남자,미상,11,2015
풍속범죄,여자,20세이하,86,2015
풍속범죄,여자,21-30세,373,2015
풍속범죄,여자,31-40세,585,2015
풍속범죄,여자,41-50세,1339,2015
풍속범죄,여자,51-60세,2830,2015
풍속범죄,여자,61-70세,1123,2015
풍속범죄,여자,71세이상,223,2015
풍속범죄,여자,미상,16,2015
풍속범죄,남자,20세이하,2237,2016
풍속범죄,남자,21-30세,8816,2016
풍속범죄,남자,31-40세,9925,2016
풍속범죄,남자,41-50세,8066,2016
풍속범죄,남자,51-60세,8043,2016
풍속범죄,남자,61-70세,2346,2016
풍속범죄,남자,71세이상,431,2016
풍속범죄,남자,미상,9,2016
풍속범죄,여자,20세이하,117,2016
풍속범죄,여자,21-30세,387,2016
풍속범죄,여자,31-40세,464,2016
풍속범죄,여자,41-50세,981,2016
풍속범죄,여자,51-60세,2193,2016
풍속범죄,여자,61-70세,948,2016
풍속범죄,여자,71세이상,170,2016
풍속범죄,여자,미상,16,2016
풍속범죄,남자,20세이하,2077,2017
풍속범죄,남자,21-30세,5961,2017
풍속범죄,남자,31-40세,6763,2017
풍속범죄,남자,41-50세,6176,2017
풍속범죄,남자,51-60세,7190,2017
풍속범죄,남자,61-70세,2609,2017
풍속범죄,남자,71세이상,478,2017
풍속범죄,남자,미상,5,2017
풍속범죄,여자,20세이하,121,2017
풍속범죄,여자,21-30세,292,2017
풍속범죄,여자,31-40세,340,2017
풍속범죄,여자,41-50세,682,2017
풍속범죄,여자,51-60세,1928,2017
풍속범죄,여자,61-70세,929,2017
풍속범죄,여자,71세이상,221,2017
풍속범죄,여자,미상,9,2017
풍속범죄,남자,20세이하,2129,2018
풍속범죄,남자,21-30세,5495,2018
풍속범죄,남자,31-40세,5625,2018
풍속범죄,남자,41-50세,5120,2018
풍속범죄,남자,51-60세,6601,2018
풍속범죄,남자,61-70세,2650,2018
풍속범죄,남자,71세이상,484,2018
풍속범죄,남자,미상,15,2018
풍속범죄,여자,20세이하,138,2018
풍속범죄,여자,21-30세,249,2018
풍속범죄,여자,31-40세,303,2018
풍속범죄,여자,41-50세,544,2018
풍속범죄,여자,51-60세,1584,2018
풍속범죄,여자,61-70세,996,2018
풍속범죄,여자,71세이상,250,2018
풍속범죄,여자,미상,0,2018
풍속범죄,남자,20세이하,2231,2019
풍속범죄,남자,21-30세,6009,2019
풍속범죄,남자,31-40세,5924,2019
풍속범죄,남자,41-50세,5244,2019
풍속범죄,남자,51-60세,6388,2019
풍속범죄,남자,61-70세,3251,2019
풍속범죄,남자,71세이상,721,2019
풍속범죄,남자,미상,10,2019
풍속범죄,여자,20세이하,137,2019
풍속범죄,여자,21-30세,299,2019
풍속범죄,여자,31-40세,322,2019
풍속범죄,여자,41-50세,472,2019
풍속범죄,여자,51-60세,1368,2019
풍속범죄,여자,61-70세,1131,2019
풍속범죄,여자,71세이상,240,2019
풍속범죄,여자,미상,32,2019
풍속범죄,남자,20세이하,3136,2020
풍속범죄,남자,21-30세,7115,2020
풍속범죄,남자,31-40세,5803,2020
풍속범죄,남자,41-50세,4966,2020
풍속범죄,남자,51-60세,6099,2020
풍속범죄,남자,61-70세,3266,2020
풍속범죄,남자,71세이상,683,2020
풍속범죄,남자,미상,10,2020
풍속범죄,여자,20세이하,177,2020
풍속범죄,여자,21-30세,273,2020
풍속범죄,여자,31-40세,315,2020
풍속범죄,여자,41-50세,389,2020
풍속범죄,여자,51-60세,1183,2020
풍속범죄,여자,61-70세,1008,2020
풍속범죄,여자,71세이상,237,2020
풍속범죄,여자,미상,11,2020
풍속범죄,남자,20세이하,3373,2021
풍속범죄,남자,21-30세,6405,2021
풍속범죄,남자,31-40세,4511,2021
풍속범죄,남자,41-50세,3750,2021
풍속범죄,남자,51-60세,4782,2021
풍속범죄,남자,61-70세,2834,2021
풍속범죄,남자,71세이상,641,2021
풍속범죄,남자,미상,14,2021
풍속범죄,여자,20세이하,231,2021
풍속범죄,여자,21-30세,389,2021
풍속범죄,여자,31-40세,235,2021
풍속범죄,여자,41-50세,275,2021
풍속범죄,여자,51-60세,708,2021
풍속범죄,여자,61-70세,672,2021
풍속범죄,여자,71세이상,208,2021
풍속범죄,여자,미상,2,2021
특별경제범죄,남자,20세이하,1880,2012
특별경제범죄,남자,21-30세,11568,2012
특별경제범죄,남자,31-40세,17569,2012
특별경제범죄,남자,41-50세,21300,2012
특별경제범죄,남자,51-60세,14770,2012
특별경제범죄,남자,61-70세,3648,2012
특별경제범죄,남자,71세이상,818,2012
특별경제범죄,남자,미상,22,2012
특별경제범죄,여자,20세이하,582,2012
특별경제범죄,여자,21-30세,3134,2012
특별경제범죄,여자,31-40세,4796,2012
특별경제범죄,여자,41-50세,6665,2012
특별경제범죄,여자,51-60세,5001,2012
특별경제범죄,여자,61-70세,1272,2012
특별경제범죄,여자,71세이상,337,2012
특별경제범죄,여자,미상,65,2012
특별경제범죄,남자,20세이하,1890,2013
특별경제범죄,남자,21-30세,9702,2013
특별경제범죄,남자,31-40세,15744,2013
특별경제범죄,남자,41-50세,18841,2013
특별경제범죄,남자,51-60세,14080,2013
특별경제범죄,남자,61-70세,3712,2013
특별경제범죄,남자,71세이상,863,2013
특별경제범죄,남자,미상,62,2013
특별경제범죄,여자,20세이하,631,2013
특별경제범죄,여자,21-30세,2693,2013
특별경제범죄,여자,31-40세,3709,2013
특별경제범죄,여자,41-50세,5394,2013
특별경제범죄,여자,51-60세,4434,2013
특별경제범죄,여자,61-70세,1147,2013
특별경제범죄,여자,71세이상,311,2013
특별경제범죄,여자,미상,95,2013
특별경제범죄,남자,20세이하,1930,2014
특별경제범죄,남자,21-30세,9213,2014
특별경제범죄,남자,31-40세,15296,2014
특별경제범죄,남자,41-50세,19926,2014
특별경제범죄,남자,51-60세,16039,2014
특별경제범죄,남자,61-70세,4462,2014
특별경제범죄,남자,71세이상,1142,2014
특별경제범죄,남자,미상,75,2014
특별경제범죄,여자,20세이하,641,2014
특별경제범죄,여자,21-30세,2639,2014
특별경제범죄,여자,31-40세,3877,2014
특별경제범죄,여자,41-50세,5737,2014
특별경제범죄,여자,51-60세,4856,2014
특별경제범죄,여자,61-70세,1311,2014
특별경제범죄,여자,71세이상,392,2014
특별경제범죄,여자,미상,112,2014
특별경제범죄,남자,20세이하,3068,2015
특별경제범죄,남자,21-30세,10855,2015
특별경제범죄,남자,31-40세,14822,2015
특별경제범죄,남자,41-50세,18896,2015
특별경제범죄,남자,51-60세,15705,2015
특별경제범죄,남자,61-70세,4252,2015
특별경제범죄,남자,71세이상,1121,2015
특별경제범죄,남자,미상,83,2015
특별경제범죄,여자,20세이하,1311,2015
특별경제범죄,여자,21-30세,3554,2015
특별경제범죄,여자,31-40세,4314,2015
특별경제범죄,여자,41-50세,5533,2015
특별경제범죄,여자,51-60세,4899,2015
특별경제범죄,여자,61-70세,1363,2015
특별경제범죄,여자,71세이상,421,2015
특별경제범죄,여자,미상,159,2015
특별경제범죄,남자,20세이하,1913,2016
특별경제범죄,남자,21-30세,7980,2016
특별경제범죄,남자,31-40세,12467,2016
특별경제범죄,남자,41-50세,16795,2016
특별경제범죄,남자,51-60세,14961,2016
특별경제범죄,남자,61-70세,4510,2016
특별경제범죄,남자,71세이상,1174,2016
특별경제범죄,남자,미상,77,2016
특별경제범죄,여자,20세이하,579,2016
특별경제범죄,여자,21-30세,2550,2016
특별경제범죄,여자,31-40세,3435,2016
특별경제범죄,여자,41-50세,4689,2016
특별경제범죄,여자,51-60세,4424,2016
특별경제범죄,여자,61-70세,1530,2016
특별경제범죄,여자,71세이상,383,2016
특별경제범죄,여자,미상,202,2016
특별경제범죄,남자,20세이하,1586,2017
특별경제범죄,남자,21-30세,7681,2017
특별경제범죄,남자,31-40세,11470,2017
특별경제범죄,남자,41-50세,15053,2017
특별경제범죄,남자,51-60세,14160,2017
특별경제범죄,남자,61-70세,4755,2017
특별경제범죄,남자,71세이상,1011,2017
특별경제범죄,남자,미상,54,2017
특별경제범죄,여자,20세이하,587,2017
특별경제범죄,여자,21-30세,2494,2017
특별경제범죄,여자,31-40세,3315,2017
특별경제범죄,여자,41-50세,4350,2017
특별경제범죄,여자,51-60세,4127,2017
특별경제범죄,여자,61-70세,1427,2017
특별경제범죄,여자,71세이상,308,2017
특별경제범죄,여자,미상,74,2017
특별경제범죄,남자,20세이하,1437,2018
특별경제범죄,남자,21-30세,7318,2018
특별경제범죄,남자,31-40세,11193,2018
특별경제범죄,남자,41-50세,15528,2018
특별경제범죄,남자,51-60세,15008,2018
특별경제범죄,남자,61-70세,5146,2018
특별경제범죄,남자,71세이상,1222,2018
특별경제범죄,남자,미상,135,2018
특별경제범죄,여자,20세이하,439,2018
특별경제범죄,여자,21-30세,2588,2018
특별경제범죄,여자,31-40세,3827,2018
특별경제범죄,여자,41-50세,5036,2018
특별경제범죄,여자,51-60세,4462,2018
특별경제범죄,여자,61-70세,1537,2018
특별경제범죄,여자,71세이상,371,2018
특별경제범죄,여자,미상,101,2018
특별경제범죄,남자,20세이하,1617,2019
특별경제범죄,남자,21-30세,7313,2019
특별경제범죄,남자,31-40세,11057,2019
특별경제범죄,남자,41-50세,15282,2019
특별경제범죄,남자,51-60세,15628,2019
특별경제범죄,남자,61-70세,6194,2019
특별경제범죄,남자,71세이상,1314,2019
특별경제범죄,남자,미상,76,2019
특별경제범죄,여자,20세이하,495,2019
특별경제범죄,여자,21-30세,2819,2019
특별경제범죄,여자,31-40세,4219,2019
특별경제범죄,여자,41-50세,5578,2019
특별경제범죄,여자,51-60세,4996,2019
특별경제범죄,여자,61-70세,1874,2019
특별경제범죄,여자,71세이상,462,2019
특별경제범죄,여자,미상,251,2019
특별경제범죄,남자,20세이하,1176,2020
특별경제범죄,남자,21-30세,6227,2020
특별경제범죄,남자,31-40세,9062,2020
특별경제범죄,남자,41-50세,12646,2020
특별경제범죄,남자,51-60세,13760,2020
특별경제범죄,남자,61-70세,6155,2020
특별경제범죄,남자,71세이상,1316,2020
특별경제범죄,남자,미상,90,2020
특별경제범죄,여자,20세이하,474,2020
특별경제범죄,여자,21-30세,2528,2020
특별경제범죄,여자,31-40세,3307,2020
특별경제범죄,여자,41-50세,4332,2020
특별경제범죄,여자,51-60세,4252,2020
특별경제범죄,여자,61-70세,1816,2020
특별경제범죄,여자,71세이상,480,2020
특별경제범죄,여자,미상,283,2020
특별경제범죄,남자,20세이하,793,2021
특별경제범죄,남자,21-30세,4534,2021
특별경제범죄,남자,31-40세,6321,2021
특별경제범죄,남자,41-50세,8399,2021
특별경제범죄,남자,51-60세,9431,2021
특별경제범죄,남자,61-70세,4710,2021
특별경제범죄,남자,71세이상,1163,2021
특별경제범죄,남자,미상,89,2021
특별경제범죄,여자,20세이하,285,2021
특별경제범죄,여자,21-30세,1633,2021
특별경제범죄,여자,31-40세,2188,2021
특별경제범죄,여자,41-50세,2591,2021
특별경제범죄,여자,51-60세,2786,2021
특별경제범죄,여자,61-70세,1485,2021
특별경제범죄,여자,71세이상,385,2021
특별경제범죄,여자,미상,53,2021
마약범죄,남자,20세이하,27,2012
마약범죄,남자,21-30세,339,2012
마약범죄,남자,31-40세,1170,2012
마약범죄,남자,41-50세,1477,2012
마약범죄,남자,51-60세,654,2012
마약범죄,남자,61-70세,117,2012
마약범죄,남자,71세이상,63,2012
마약범죄,남자,미상,0,2012
마약범죄,여자,20세이하,24,2012
마약범죄,여자,21-30세,211,2012
마약범죄,여자,31-40세,169,2012
마약범죄,여자,41-50세,134,2012
마약범죄,여자,51-60세,115,2012
마약범죄,여자,61-70세,120,2012
마약범죄,여자,71세이상,111,2012
마약범죄,여자,미상,0,2012
마약범죄,남자,20세이하,40,2013
마약범죄,남자,21-30세,422,2013
마약범죄,남자,31-40세,1147,2013
마약범죄,남자,41-50세,1567,2013
마약범죄,남자,51-60세,701,2013
마약범죄,남자,61-70세,154,2013
마약범죄,남자,71세이상,82,2013
마약범죄,남자,미상,1,2013
마약범죄,여자,20세이하,25,2013
마약범죄,여자,21-30세,192,2013
마약범죄,여자,31-40세,204,2013
마약범죄,여자,41-50세,142,2013
마약범죄,여자,51-60세,116,2013
마약범죄,여자,61-70세,108,2013
마약범죄,여자,71세이상,148,2013
마약범죄,여자,미상,0,2013
마약범죄,남자,20세이하,81,2014
마약범죄,남자,21-30세,580,2014
마약범죄,남자,31-40세,1233,2014
마약범죄,남자,41-50세,1557,2014
마약범죄,남자,51-60세,689,2014
마약범죄,남자,61-70세,146,2014
마약범죄,남자,71세이상,73,2014
마약범죄,남자,미상,2,2014
마약범죄,여자,20세이하,30,2014
마약범죄,여자,21-30세,195,2014
마약범죄,여자,31-40세,212,2014
마약범죄,여자,41-50세,138,2014
마약범죄,여자,51-60세,104,2014
마약범죄,여자,61-70세,102,2014
마약범죄,여자,71세이상,122,2014
마약범죄,여자,미상,0,2014
마약범죄,남자,20세이하,66,2015
마약범죄,남자,21-30세,600,2015
마약범죄,남자,31-40세,1349,2015
마약범죄,남자,41-50세,1926,2015
마약범죄,남자,51-60세,1002,2015
마약범죄,남자,61-70세,242,2015
마약범죄,남자,71세이상,148,2015
마약범죄,남자,미상,1,2015
마약범죄,여자,20세이하,64,2015
마약범죄,여자,21-30세,313,2015
마약범죄,여자,31-40세,363,2015
마약범죄,여자,41-50세,209,2015
마약범죄,여자,51-60세,175,2015
마약범죄,여자,61-70세,191,2015
마약범죄,여자,71세이상,263,2015
마약범죄,여자,미상,1,2015
마약범죄,남자,20세이하,64,2016
마약범죄,남자,21-30세,814,2016
마약범죄,남자,31-40세,1714,2016
마약범죄,남자,41-50세,2198,2016
마약범죄,남자,51-60세,1167,2016
마약범죄,남자,61-70세,296,2016
마약범죄,남자,71세이상,206,2016
마약범죄,남자,미상,1,2016
마약범죄,여자,20세이하,60,2016
마약범죄,여자,21-30세,420,2016
마약범죄,여자,31-40세,403,2016
마약범죄,여자,41-50세,322,2016
마약범죄,여자,51-60세,203,2016
마약범죄,여자,61-70세,232,2016
마약범죄,여자,71세이상,343,2016
마약범죄,여자,미상,0,2016
마약범죄,남자,20세이하,61,2017
마약범죄,남자,21-30세,903,2017
마약범죄,남자,31-40세,1709,2017
마약범죄,남자,41-50세,1988,2017
마약범죄,남자,51-60세,1222,2017
마약범죄,남자,61-70세,353,2017
마약범죄,남자,71세이상,212,2017
마약범죄,남자,미상,0,2017
마약범죄,여자,20세이하,57,2017
마약범죄,여자,21-30세,492,2017
마약범죄,여자,31-40세,444,2017
마약범죄,여자,41-50세,250,2017
마약범죄,여자,51-60세,205,2017
마약범죄,여자,61-70세,238,2017
마약범죄,여자,71세이상,378,2017
마약범죄,여자,미상,0,2017
마약범죄,남자,20세이하,94,2018
마약범죄,남자,21-30세,922,2018
마약범죄,남자,31-40세,1309,2018
마약범죄,남자,41-50세,1640,2018
마약범죄,남자,51-60세,1151,2018
마약범죄,남자,61-70세,375,2018
마약범죄,남자,71세이상,191,2018
마약범죄,남자,미상,2,2018
마약범죄,여자,20세이하,76,2018
마약범죄,여자,21-30세,353,2018
마약범죄,여자,31-40세,412,2018
마약범죄,여자,41-50세,342,2018
마약범죄,여자,51-60세,180,2018
마약범죄,여자,61-70세,244,2018
마약범죄,여자,71세이상,383,2018
마약범죄,여자,미상,3,2018
마약범죄,남자,20세이하,154,2019
마약범죄,남자,21-30세,1613,2019
마약범죄,남자,31-40세,1930,2019
마약범죄,남자,41-50세,1821,2019
마약범죄,남자,51-60세,1298,2019
마약범죄,남자,61-70세,371,2019
마약범죄,남자,71세이상,223,2019
마약범죄,남자,미상,4,2019
마약범죄,여자,20세이하,127,2019
마약범죄,여자,21-30세,627,2019
마약범죄,여자,31-40세,489,2019
마약범죄,여자,41-50세,302,2019
마약범죄,여자,51-60세,219,2019
마약범죄,여자,61-70세,258,2019
마약범죄,여자,71세이상,438,2019
마약범죄,여자,미상,1,2019
마약범죄,남자,20세이하,197,2020
마약범죄,남자,21-30세,2203,2020
마약범죄,남자,31-40세,2070,2020
마약범죄,남자,41-50세,1878,2020
마약범죄,남자,51-60세,1225,2020
마약범죄,남자,61-70세,469,2020
마약범죄,남자,71세이상,360,2020
마약범죄,남자,미상,1,2020
마약범죄,여자,20세이하,172,2020
마약범죄,여자,21-30세,808,2020
마약범죄,여자,31-40세,644,2020
마약범죄,여자,41-50세,370,2020
마약범죄,여자,51-60세,274,2020
마약범죄,여자,61-70세,360,2020
마약범죄,여자,71세이상,598,2020
마약범죄,여자,미상,1,2020
마약범죄,남자,20세이하,274,2021
마약범죄,남자,21-30세,2366,2021
마약범죄,남자,31-40세,1816,2021
마약범죄,남자,41-50세,1407,2021
마약범죄,남자,51-60세,1023,2021
마약범죄,남자,61-70세,364,2021
마약범죄,남자,71세이상,243,2021
마약범죄,남자,미상,1,2021
마약범죄,여자,20세이하,210,2021
마약범죄,여자,21-30세,873,2021
마약범죄,여자,31-40세,527,2021
마약범죄,여자,41-50세,285,2021
마약범죄,여자,51-60세,168,2021
마약범죄,여자,61-70세,233,2021
마약범죄,여자,71세이상,383,2021
마약범죄,여자,미상,0,2021
보건범죄,남자,20세이하,38,2012
보건범죄,남자,21-30세,634,2012
보건범죄,남자,31-40세,1968,2012
보건범죄,남자,41-50세,2815,2012
보건범죄,남자,51-60세,2305,2012
보건범죄,남자,61-70세,962,2012
보건범죄,남자,71세이상,338,2012
보건범죄,남자,미상,4,2012
보건범죄,여자,20세이하,119,2012
보건범죄,여자,21-30세,1034,2012
보건범죄,여자,31-40세,1893,2012
보건범죄,여자,41-50세,3590,2012
보건범죄,여자,51-60세,2997,2012
보건범죄,여자,61-70세,677,2012
보건범죄,여자,71세이상,154,2012
보건범죄,여자,미상,3,2012
보건범죄,남자,20세이하,30,2013
보건범죄,남자,21-30세,750,2013
보건범죄,남자,31-40세,2529,2013
보건범죄,남자,41-50세,3687,2013
보건범죄,남자,51-60세,3321,2013
보건범죄,남자,61-70세,1274,2013
보건범죄,남자,71세이상,398,2013
보건범죄,남자,미상,2,2013
보건범죄,여자,20세이하,107,2013
보건범죄,여자,21-30세,932,2013
보건범죄,여자,31-40세,1805,2013
보건범죄,여자,41-50세,3604,2013
보건범죄,여자,51-60세,3527,2013
보건범죄,여자,61-70세,892,2013
보건범죄,여자,71세이상,183,2013
보건범죄,여자,미상,5,2013
보건범죄,남자,20세이하,34,2014
보건범죄,남자,21-30세,748,2014
보건범죄,남자,31-40세,2437,2014
보건범죄,남자,41-50세,3431,2014
보건범죄,남자,51-60세,3136,2014
보건범죄,남자,61-70세,1320,2014
보건범죄,남자,71세이상,474,2014
보건범죄,남자,미상,2,2014
보건범죄,여자,20세이하,85,2014
보건범죄,여자,21-30세,963,2014
보건범죄,여자,31-40세,1763,2014
보건범죄,여자,41-50세,3252,2014
보건범죄,여자,51-60세,3390,2014
보건범죄,여자,61-70세,867,2014
보건범죄,여자,71세이상,181,2014
보건범죄,여자,미상,2,2014
보건범죄,남자,20세이하,33,2015
보건범죄,남자,21-30세,623,2015
보건범죄,남자,31-40세,2417,2015
보건범죄,남자,41-50세,3484,2015
보건범죄,남자,51-60세,2947,2015
보건범죄,남자,61-70세,1128,2015
보건범죄,남자,71세이상,403,2015
보건범죄,남자,미상,6,2015
보건범죄,여자,20세이하,68,2015
보건범죄,여자,21-30세,852,2015
보건범죄,여자,31-40세,1648,2015
보건범죄,여자,41-50세,2932,2015
보건범죄,여자,51-60세,3174,2015
보건범죄,여자,61-70세,830,2015
보건범죄,여자,71세이상,165,2015
보건범죄,여자,미상,11,2015
보건범죄,남자,20세이하,36,2016
보건범죄,남자,21-30세,776,2016
보건범죄,남자,31-40세,2654,2016
보건범죄,남자,41-50세,3288,2016
보건범죄,남자,51-60세,3078,2016
보건범죄,남자,61-70세,1234,2016
보건범죄,남자,71세이상,408,2016
보건범죄,남자,미상,5,2016
보건범죄,여자,20세이하,75,2016
보건범죄,여자,21-30세,964,2016
보건범죄,여자,31-40세,1689,2016
보건범죄,여자,41-50세,2916,2016
보건범죄,여자,51-60세,3258,2016
보건범죄,여자,61-70세,997,2016
보건범죄,여자,71세이상,235,2016
보건범죄,여자,미상,36,2016
보건범죄,남자,20세이하,55,2017
보건범죄,남자,21-30세,726,2017
보건범죄,남자,31-40세,2227,2017
보건범죄,남자,41-50세,2734,2017
보건범죄,남자,51-60세,2414,2017
보건범죄,남자,61-70세,1070,2017
보건범죄,남자,71세이상,356,2017
보건범죄,남자,미상,3,2017
보건범죄,여자,20세이하,76,2017
보건범죄,여자,21-30세,1063,2017
보건범죄,여자,31-40세,1806,2017
보건범죄,여자,41-50세,2634,2017
보건범죄,여자,51-60세,2827,2017
보건범죄,여자,61-70세,921,2017
보건범죄,여자,71세이상,210,2017
보건범죄,여자,미상,8,2017
보건범죄,남자,20세이하,40,2018
보건범죄,남자,21-30세,619,2018
보건범죄,남자,31-40세,1732,2018
보건범죄,남자,41-50세,2157,2018
보건범죄,남자,51-60세,1956,2018
보건범죄,남자,61-70세,877,2018
보건범죄,남자,71세이상,307,2018
보건범죄,남자,미상,15,2018
보건범죄,여자,20세이하,71,2018
보건범죄,여자,21-30세,1053,2018
보건범죄,여자,31-40세,1879,2018
보건범죄,여자,41-50세,2308,2018
보건범죄,여자,51-60세,2762,2018
보건범죄,여자,61-70세,993,2018
보건범죄,여자,71세이상,181,2018
보건범죄,여자,미상,15,2018
보건범죄,남자,20세이하,29,2019
보건범죄,남자,21-30세,733,2019
보건범죄,남자,31-40세,2045,2019
보건범죄,남자,41-50세,2200,2019
보건범죄,남자,51-60세,1889,2019
보건범죄,남자,61-70세,1014,2019
보건범죄,남자,71세이상,317,2019
보건범죄,남자,미상,2,2019
보건범죄,여자,20세이하,83,2019
보건범죄,여자,21-30세,1338,2019
보건범죄,여자,31-40세,1964,2019
보건범죄,여자,41-50세,2309,2019
보건범죄,여자,51-60세,2773,2019
보건범죄,여자,61-70세,1089,2019
보건범죄,여자,71세이상,210,2019
보건범죄,여자,미상,29,2019
보건범죄,남자,20세이하,92,2020
보건범죄,남자,21-30세,1173,2020
보건범죄,남자,31-40세,2596,2020
보건범죄,남자,41-50세,2668,2020
보건범죄,남자,51-60세,2401,2020
보건범죄,남자,61-70세,1316,2020
보건범죄,남자,71세이상,387,2020
보건범죄,남자,미상,29,2020
보건범죄,여자,20세이하,147,2020
보건범죄,여자,21-30세,1624,2020
보건범죄,여자,31-40세,2196,2020
보건범죄,여자,41-50세,2394,2020
보건범죄,여자,51-60세,3100,2020
보건범죄,여자,61-70세,1372,2020
보건범죄,여자,71세이상,275,2020
보건범죄,여자,미상,40,2020
보건범죄,남자,20세이하,390,2021
보건범죄,남자,21-30세,4304,2021
보건범죄,남자,31-40세,6018,2021
보건범죄,남자,41-50세,5491,2021
보건범죄,남자,51-60세,3991,2021
보건범죄,남자,61-70세,1667,2021
보건범죄,남자,71세이상,416,2021
보건범죄,남자,미상,27,2021
보건범죄,여자,20세이하,432,2021
보건범죄,여자,21-30세,3766,2021
보건범죄,여자,31-40세,3454,2021
보건범죄,여자,41-50세,3427,2021
보건범죄,여자,51-60세,3527,2021
보건범죄,여자,61-70세,1674,2021
보건범죄,여자,71세이상,323,2021
보건범죄,여자,미상,36,2021
환경범죄,남자,20세이하,2,2012
환경범죄,남자,21-30세,61,2012
환경범죄,남자,31-40세,312,2012
환경범죄,남자,41-50세,1011,2012
환경범죄,남자,51-60세,1086,2012
환경범죄,남자,61-70세,371,2012
환경범죄,남자,71세이상,74,2012
환경범죄,남자,미상,2,2012
환경범죄,여자,20세이하,8,2012
환경범죄,여자,21-30세,30,2012
환경범죄,여자,31-40세,51,2012
환경범죄,여자,41-50세,102,2012
환경범죄,여자,51-60세,84,2012
환경범죄,여자,61-70세,40,2012
환경범죄,여자,71세이상,13,2012
환경범죄,여자,미상,0,2012
환경범죄,남자,20세이하,1,2013
환경범죄,남자,21-30세,51,2013
환경범죄,남자,31-40세,394,2013
환경범죄,남자,41-50세,1141,2013
환경범죄,남자,51-60세,1246,2013
환경범죄,남자,61-70세,366,2013
환경범죄,남자,71세이상,78,2013
환경범죄,남자,미상,2,2013
환경범죄,여자,20세이하,2,2013
환경범죄,여자,21-30세,22,2013
환경범죄,여자,31-40세,43,2013
환경범죄,여자,41-50세,112,2013
환경범죄,여자,51-60세,98,2013
환경범죄,여자,61-70세,23,2013
환경범죄,여자,71세이상,7,2013
환경범죄,여자,미상,2,2013
환경범죄,남자,20세이하,6,2014
환경범죄,남자,21-30세,32,2014
환경범죄,남자,31-40세,317,2014
환경범죄,남자,41-50세,937,2014
환경범죄,남자,51-60세,1023,2014
환경범죄,남자,61-70세,367,2014
환경범죄,남자,71세이상,70,2014
환경범죄,남자,미상,4,2014
환경범죄,여자,20세이하,7,2014
환경범죄,여자,21-30세,44,2014
환경범죄,여자,31-40세,56,2014
환경범죄,여자,41-50세,125,2014
환경범죄,여자,51-60세,109,2014
환경범죄,여자,61-70세,29,2014
환경범죄,여자,71세이상,8,2014
환경범죄,여자,미상,2,2014
환경범죄,남자,20세이하,4,2015
환경범죄,남자,21-30세,67,2015
환경범죄,남자,31-40세,308,2015
환경범죄,남자,41-50세,829,2015
환경범죄,남자,51-60세,1102,2015
환경범죄,남자,61-70세,431,2015
환경범죄,남자,71세이상,76,2015
환경범죄,남자,미상,1,2015
환경범죄,여자,20세이하,13,2015
환경범죄,여자,21-30세,27,2015
환경범죄,여자,31-40세,48,2015
환경범죄,여자,41-50세,98,2015
환경범죄,여자,51-60세,117,2015
환경범죄,여자,61-70세,42,2015
환경범죄,여자,71세이상,10,2015
환경범죄,여자,미상,3,2015
환경범죄,남자,20세이하,14,2016
환경범죄,남자,21-30세,65,2016
환경범죄,남자,31-40세,361,2016
환경범죄,남자,41-50세,1042,2016
환경범죄,남자,51-60세,1312,2016
환경범죄,남자,61-70세,475,2016
환경범죄,남자,71세이상,115,2016
환경범죄,남자,미상,8,2016
환경범죄,여자,20세이하,12,2016
환경범죄,여자,21-30세,39,2016
환경범죄,여자,31-40세,52,2016
환경범죄,여자,41-50세,129,2016
환경범죄,여자,51-60세,122,2016
환경범죄,여자,61-70세,45,2016
환경범죄,여자,71세이상,7,2016
환경범죄,여자,미상,4,2016
환경범죄,남자,20세이하,5,2017
환경범죄,남자,21-30세,93,2017
환경범죄,남자,31-40세,488,2017
환경범죄,남자,41-50세,1080,2017
환경범죄,남자,51-60세,1535,2017
환경범죄,남자,61-70세,603,2017
환경범죄,남자,71세이상,110,2017
환경범죄,남자,미상,0,2017
환경범죄,여자,20세이하,10,2017
환경범죄,여자,21-30세,26,2017
환경범죄,여자,31-40세,72,2017
환경범죄,여자,41-50세,132,2017
환경범죄,여자,51-60세,164,2017
환경범죄,여자,61-70세,53,2017
환경범죄,여자,71세이상,6,2017
환경범죄,여자,미상,1,2017
환경범죄,남자,20세이하,2,2018
환경범죄,남자,21-30세,63,2018
환경범죄,남자,31-40세,402,2018
환경범죄,남자,41-50세,1024,2018
환경범죄,남자,51-60세,1435,2018
환경범죄,남자,61-70세,594,2018
환경범죄,남자,71세이상,106,2018
환경범죄,남자,미상,4,2018
환경범죄,여자,20세이하,3,2018
환경범죄,여자,21-30세,47,2018
환경범죄,여자,31-40세,53,2018
환경범죄,여자,41-50세,145,2018
환경범죄,여자,51-60세,128,2018
환경범죄,여자,61-70세,49,2018
환경범죄,여자,71세이상,8,2018
환경범죄,여자,미상,3,2018
환경범죄,남자,20세이하,4,2019
환경범죄,남자,21-30세,78,2019
환경범죄,남자,31-40세,529,2019
환경범죄,남자,41-50세,1195,2019
환경범죄,남자,51-60세,1703,2019
환경범죄,남자,61-70세,787,2019
환경범죄,남자,71세이상,144,2019
환경범죄,남자,미상,4,2019
환경범죄,여자,20세이하,16,2019
환경범죄,여자,21-30세,109,2019
환경범죄,여자,31-40세,91,2019
환경범죄,여자,41-50세,152,2019
환경범죄,여자,51-60세,196,2019
환경범죄,여자,61-70세,58,2019
환경범죄,여자,71세이상,13,2019
환경범죄,여자,미상,9,2019
환경범죄,남자,20세이하,1,2020
환경범죄,남자,21-30세,72,2020
환경범죄,남자,31-40세,444,2020
환경범죄,남자,41-50세,966,2020
환경범죄,남자,51-60세,1607,2020
환경범죄,남자,61-70세,771,2020
환경범죄,남자,71세이상,149,2020
환경범죄,남자,미상,1,2020
환경범죄,여자,20세이하,0,2020
환경범죄,여자,21-30세,2,2020
환경범죄,여자,31-40세,33,2020
환경범죄,여자,41-50세,74,2020
환경범죄,여자,51-60세,131,2020
환경범죄,여자,61-70세,51,2020
환경범죄,여자,71세이상,17,2020
환경범죄,여자,미상,10,2020
환경범죄,남자,20세이하,5,2021
환경범죄,남자,21-30세,57,2021
환경범죄,남자,31-40세,317,2021
환경범죄,남자,41-50세,837,2021
환경범죄,남자,51-60세,1376,2021
환경범죄,남자,61-70세,794,2021
환경범죄,남자,71세이상,161,2021
환경범죄,남자,미상,4,2021
환경범죄,여자,20세이하,0,2021
환경범죄,여자,21-30세,4,2021
환경범죄,여자,31-40세,24,2021
환경범죄,여자,41-50세,76,2021
환경범죄,여자,51-60세,120,2021
환경범죄,여자,61-70세,60,2021
환경범죄,여자,71세이상,13,2021
환경범죄,여자,미상,5,2021
교통범죄,남자,20세이하,16329,2012
교통범죄,남자,21-30세,77199,2012
교통범죄,남자,31-40세,106290,2012
교통범죄,남자,41-50세,119637,2012
교통범죄,남자,51-60세,87572,2012
교통범죄,남자,61-70세,28655,2012
교통범죄,남자,71세이상,7325,2012
교통범죄,남자,미상,47,2012
교통범죄,여자,20세이하,887,2012
교통범죄,여자,21-30세,10489,2012
교통범죄,여자,31-40세,18724,2012
교통범죄,여자,41-50세,24003,2012
교통범죄,여자,51-60세,12286,2012
교통범죄,여자,61-70세,2309,2012
교통범죄,여자,71세이상,311,2012
교통범죄,여자,미상,13,2012
교통범죄,남자,20세이하,13784,2013
교통범죄,남자,21-30세,78851,2013
교통범죄,남자,31-40세,113085,2013
교통범죄,남자,41-50세,124097,2013
교통범죄,남자,51-60세,93793,2013
교통범죄,남자,61-70세,31548,2013
교통범죄,남자,71세이상,8705,2013
교통범죄,남자,미상,84,2013
교통범죄,여자,20세이하,792,2013
교통범죄,여자,21-30세,10655,2013
교통범죄,여자,31-40세,20004,2013
교통범죄,여자,41-50세,24993,2013
교통범죄,여자,51-60세,13322,2013
교통범죄,여자,61-70세,2660,2013
교통범죄,여자,71세이상,369,2013
교통범죄,여자,미상,14,2013
교통범죄,남자,20세이하,13591,2014
교통범죄,남자,21-30세,74188,2014
교통범죄,남자,31-40세,107161,2014
교통범죄,남자,41-50세,118029,2014
교통범죄,남자,51-60세,97486,2014
교통범죄,남자,61-70세,34973,2014
교통범죄,남자,71세이상,10720,2014
교통범죄,남자,미상,210,2014
교통범죄,여자,20세이하,804,2014
교통범죄,여자,21-30세,10351,2014
교통범죄,여자,31-40세,19707,2014
교통범죄,여자,41-50세,26307,2014
교통범죄,여자,51-60세,15563,2014
교통범죄,여자,61-70세,3463,2014
교통범죄,여자,71세이상,539,2014
교통범죄,여자,미상,34,2014
교통범죄,남자,20세이하,14340,2015
교통범죄,남자,21-30세,74560,2015
교통범죄,남자,31-40세,104238,2015
교통범죄,남자,41-50세,117438,2015
교통범죄,남자,51-60세,103862,2015
교통범죄,남자,61-70세,39908,2015
교통범죄,남자,71세이상,13118,2015
교통범죄,남자,미상,190,2015
교통범죄,여자,20세이하,940,2015
교통범죄,여자,21-30세,10721,2015
교통범죄,여자,31-40세,19875,2015
교통범죄,여자,41-50세,27223,2015
교통범죄,여자,51-60세,17792,2015
교통범죄,여자,61-70세,4460,2015
교통범죄,여자,71세이상,682,2015
교통범죄,여자,미상,27,2015
교통범죄,남자,20세이하,14629,2016
교통범죄,남자,21-30세,76261,2016
교통범죄,남자,31-40세,103693,2016
교통범죄,남자,41-50세,115126,2016
교통범죄,남자,51-60세,104879,2016
교통범죄,남자,61-70세,43870,2016
교통범죄,남자,71세이상,14252,2016
교통범죄,남자,미상,354,2016
교통범죄,여자,20세이하,947,2016
교통범죄,여자,21-30세,10824,2016
교통범죄,여자,31-40세,19605,2016
교통범죄,여자,41-50세,26431,2016
교통범죄,여자,51-60세,18349,2016
교통범죄,여자,61-70세,5227,2016
교통범죄,여자,71세이상,858,2016
교통범죄,여자,미상,47,2016
교통범죄,남자,20세이하,14054,2017
교통범죄,남자,21-30세,68792,2017
교통범죄,남자,31-40세,87518,2017
교통범죄,남자,41-50세,93771,2017
교통범죄,남자,51-60세,90666,2017
교통범죄,남자,61-70세,42154,2017
교통범죄,남자,71세이상,13262,2017
교통범죄,남자,미상,120,2017
교통범죄,여자,20세이하,901,2017
교통범죄,여자,21-30세,10144,2017
교통범죄,여자,31-40세,17125,2017
교통범죄,여자,41-50세,23025,2017
교통범죄,여자,51-60세,16882,2017
교통범죄,여자,61-70세,5234,2017
교통범죄,여자,71세이상,887,2017
교통범죄,여자,미상,17,2017
교통범죄,남자,20세이하,11389,2018
교통범죄,남자,21-30세,56718,2018
교통범죄,남자,31-40세,69508,2018
교통범죄,남자,41-50세,74410,2018
교통범죄,남자,51-60세,77762,2018
교통범죄,남자,61-70세,41160,2018
교통범죄,남자,71세이상,13658,2018
교통범죄,남자,미상,91,2018
교통범죄,여자,20세이하,763,2018
교통범죄,여자,21-30세,9286,2018
교통범죄,여자,31-40세,15208,2018
교통범죄,여자,41-50세,20274,2018
교통범죄,여자,51-60세,16277,2018
교통범죄,여자,61-70세,5656,2018
교통범죄,여자,71세이상,981,2018
교통범죄,여자,미상,6,2018
교통범죄,남자,20세이하,11329,2019
교통범죄,남자,21-30세,52482,2019
교통범죄,남자,31-40세,59774,2019
교통범죄,남자,41-50세,63000,2019
교통범죄,남자,51-60세,70066,2019
교통범죄,남자,61-70세,42188,2019
교통범죄,남자,71세이상,15496,2019
교통범죄,남자,미상,89,2019
교통범죄,여자,20세이하,892,2019
교통범죄,여자,21-30세,8951,2019
교통범죄,여자,31-40세,14505,2019
교통범죄,여자,41-50세,19120,2019
교통범죄,여자,51-60세,17278,2019
교통범죄,여자,61-70세,7183,2019
교통범죄,여자,71세이상,1338,2019
교통범죄,여자,미상,26,2019
교통범죄,남자,20세이하,11932,2020
교통범죄,남자,21-30세,48861,2020
교통범죄,남자,31-40세,52572,2020
교통범죄,남자,41-50세,56194,2020
교통범죄,남자,51-60세,66548,2020
교통범죄,남자,61-70세,41488,2020
교통범죄,남자,71세이상,15122,2020
교통범죄,남자,미상,91,2020
교통범죄,여자,20세이하,1206,2020
교통범죄,여자,21-30세,8821,2020
교통범죄,여자,31-40세,12450,2020
교통범죄,여자,41-50세,16878,2020
교통범죄,여자,51-60세,15981,2020
교통범죄,여자,61-70세,6921,2020
교통범죄,여자,71세이상,1349,2020
교통범죄,여자,미상,32,2020
교통범죄,남자,20세이하,10291,2021
교통범죄,남자,21-30세,43319,2021
교통범죄,남자,31-40세,45151,2021
교통범죄,남자,41-50세,49126,2021
교통범죄,남자,51-60세,56871,2021
교통범죄,남자,61-70세,37403,2021
교통범죄,남자,71세이상,13213,2021
교통범죄,남자,미상,43,2021
교통범죄,여자,20세이하,1128,2021
교통범죄,여자,21-30세,8064,2021
교통범죄,여자,31-40세,10862,2021
교통범죄,여자,41-50세,14418,2021
교통범죄,여자,51-60세,13654,2021
교통범죄,여자,61-70세,6467,2021
교통범죄,여자,71세이상,1210,2021
교통범죄,여자,미상,12,2021
노동범죄,남자,20세이하,4,2012
노동범죄,남자,21-30세,259,2012
노동범죄,남자,31-40세,487,2012
노동범죄,남자,41-50세,563,2012
노동범죄,남자,51-60세,366,2012
노동범죄,남자,61-70세,104,2012
노동범죄,남자,71세이상,5,2012
노동범죄,남자,미상,0,2012
노동범죄,여자,20세이하,6,2012
노동범죄,여자,21-30세,49,2012
노동범죄,여자,31-40세,123,2012
노동범죄,여자,41-50세,183,2012
노동범죄,여자,51-60세,189,2012
노동범죄,여자,61-70세,40,2012
노동범죄,여자,71세이상,0,2012
노동범죄,여자,미상,0,2012
노동범죄,남자,20세이하,5,2013
노동범죄,남자,21-30세,187,2013
노동범죄,남자,31-40세,463,2013
노동범죄,남자,41-50세,528,2013
노동범죄,남자,51-60세,357,2013
노동범죄,남자,61-70세,81,2013
노동범죄,남자,71세이상,15,2013
노동범죄,남자,미상,9,2013
노동범죄,여자,20세이하,8,2013
노동범죄,여자,21-30세,50,2013
노동범죄,여자,31-40세,138,2013
노동범죄,여자,41-50세,285,2013
노동범죄,여자,51-60세,164,2013
노동범죄,여자,61-70세,19,2013
노동범죄,여자,71세이상,0,2013
노동범죄,여자,미상,0,2013
노동범죄,남자,20세이하,1,2014
노동범죄,남자,21-30세,135,2014
노동범죄,남자,31-40세,485,2014
노동범죄,남자,41-50세,507,2014
노동범죄,남자,51-60세,358,2014
노동범죄,남자,61-70세,83,2014
노동범죄,남자,71세이상,6,2014
노동범죄,남자,미상,4,2014
노동범죄,여자,20세이하,5,2014
노동범죄,여자,21-30세,53,2014
노동범죄,여자,31-40세,86,2014
노동범죄,여자,41-50세,233,2014
노동범죄,여자,51-60세,146,2014
노동범죄,여자,61-70세,23,2014
노동범죄,여자,71세이상,3,2014
노동범죄,여자,미상,3,2014
노동범죄,남자,20세이하,14,2015
노동범죄,남자,21-30세,97,2015
노동범죄,남자,31-40세,474,2015
노동범죄,남자,41-50세,539,2015
노동범죄,남자,51-60세,450,2015
노동범죄,남자,61-70세,138,2015
노동범죄,남자,71세이상,16,2015
노동범죄,남자,미상,0,2015
노동범죄,여자,20세이하,3,2015
노동범죄,여자,21-30세,39,2015
노동범죄,여자,31-40세,138,2015
노동범죄,여자,41-50세,225,2015
노동범죄,여자,51-60세,210,2015
노동범죄,여자,61-70세,48,2015
노동범죄,여자,71세이상,2,2015
노동범죄,여자,미상,2,2015
노동범죄,남자,20세이하,22,2016
노동범죄,남자,21-30세,260,2016
노동범죄,남자,31-40세,826,2016
노동범죄,남자,41-50세,1051,2016
노동범죄,남자,51-60세,973,2016
노동범죄,남자,61-70세,357,2016
노동범죄,남자,71세이상,15,2016
노동범죄,남자,미상,0,2016
노동범죄,여자,20세이하,5,2016
노동범죄,여자,21-30세,161,2016
노동범죄,여자,31-40세,578,2016
노동범죄,여자,41-50세,654,2016
노동범죄,여자,51-60세,756,2016
노동범죄,여자,61-70세,194,2016
노동범죄,여자,71세이상,5,2016
노동범죄,여자,미상,3,2016
노동범죄,남자,20세이하,3,2017
노동범죄,남자,21-30세,183,2017
노동범죄,남자,31-40세,667,2017
노동범죄,남자,41-50세,909,2017
노동범죄,남자,51-60세,799,2017
노동범죄,남자,61-70세,345,2017
노동범죄,남자,71세이상,10,2017
노동범죄,남자,미상,1,2017
노동범죄,여자,20세이하,3,2017
노동범죄,여자,21-30세,186,2017
노동범죄,여자,31-40세,467,2017
노동범죄,여자,41-50세,563,2017
노동범죄,여자,51-60세,639,2017
노동범죄,여자,61-70세,187,2017
노동범죄,여자,71세이상,1,2017
노동범죄,여자,미상,1,2017
노동범죄,남자,20세이하,7,2018
노동범죄,남자,21-30세,87,2018
노동범죄,남자,31-40세,311,2018
노동범죄,남자,41-50세,386,2018
노동범죄,남자,51-60세,346,2018
노동범죄,남자,61-70세,131,2018
노동범죄,남자,71세이상,18,2018
노동범죄,남자,미상,2,2018
노동범죄,여자,20세이하,2,2018
노동범죄,여자,21-30세,63,2018
노동범죄,여자,31-40세,170,2018
노동범죄,여자,41-50세,224,2018
노동범죄,여자,51-60세,259,2018
노동범죄,여자,61-70세,66,2018
노동범죄,여자,71세이상,0,2018
노동범죄,여자,미상,1,2018
노동범죄,남자,20세이하,1,2019
노동범죄,남자,21-30세,51,2019
노동범죄,남자,31-40세,154,2019
노동범죄,남자,41-50세,214,2019
노동범죄,남자,51-60세,203,2019
노동범죄,남자,61-70세,60,2019
노동범죄,남자,71세이상,13,2019
노동범죄,남자,미상,1,2019
노동범죄,여자,20세이하,2,2019
노동범죄,여자,21-30세,20,2019
노동범죄,여자,31-40세,24,2019
노동범죄,여자,41-50세,46,2019
노동범죄,여자,51-60세,53,2019
노동범죄,여자,61-70세,16,2019
노동범죄,여자,71세이상,1,2019
노동범죄,여자,미상,6,2019
노동범죄,남자,20세이하,2,2020
노동범죄,남자,21-30세,36,2020
노동범죄,남자,31-40세,107,2020
노동범죄,남자,41-50세,127,2020
노동범죄,남자,51-60세,145,2020
노동범죄,남자,61-70세,58,2020
노동범죄,남자,71세이상,5,2020
노동범죄,남자,미상,0,2020
노동범죄,여자,20세이하,0,2020
노동범죄,여자,21-30세,14,2020
노동범죄,여자,31-40세,30,2020
노동범죄,여자,41-50세,30,2020
노동범죄,여자,51-60세,42,2020
노동범죄,여자,61-70세,12,2020
노동범죄,여자,71세이상,0,2020
노동범죄,여자,미상,5,2020
노동범죄,남자,20세이하,3,2021
노동범죄,남자,21-30세,64,2021
노동범죄,남자,31-40세,96,2021
노동범죄,남자,41-50세,125,2021
노동범죄,남자,51-60세,143,2021
노동범죄,남자,61-70세,66,2021
노동범죄,남자,71세이상,11,2021
노동범죄,남자,미상,0,2021
노동범죄,여자,20세이하,1,2021
노동범죄,여자,21-30세,22,2021
노동범죄,여자,31-40세,41,2021
노동범죄,여자,41-50세,44,2021
노동범죄,여자,51-60세,41,2021
노동범죄,여자,61-70세,9,2021
노동범죄,여자,71세이상,4,2021
노동범죄,여자,미상,0,2021
안보범죄,남자,20세이하,2,2012
안보범죄,남자,21-30세,13,2012
안보범죄,남자,31-40세,28,2012
안보범죄,남자,41-50세,49,2012
안보범죄,남자,51-60세,18,2012
안보범죄,남자,61-70세,3,2012
안보범죄,남자,71세이상,2,2012
안보범죄,남자,미상,0,2012
안보범죄,여자,20세이하,0,2012
안보범죄,여자,21-30세,2,2012
안보범죄,여자,31-40세,4,2012
안보범죄,여자,41-50세,3,2012
안보범죄,여자,51-60세,2,2012
안보범죄,여자,61-70세,0,2012
안보범죄,여자,71세이상,0,2012
안보범죄,여자,미상,0,2012
안보범죄,남자,20세이하,4,2013
안보범죄,남자,21-30세,10,2013
안보범죄,남자,31-40세,35,2013
안보범죄,남자,41-50세,37,2013
안보범죄,남자,51-60세,27,2013
안보범죄,남자,61-70세,4,2013
안보범죄,남자,71세이상,6,2013
안보범죄,남자,미상,0,2013
안보범죄,여자,20세이하,0,2013
안보범죄,여자,21-30세,0,2013
안보범죄,여자,31-40세,16,2013
안보범죄,여자,41-50세,7,2013
안보범죄,여자,51-60세,2,2013
안보범죄,여자,61-70세,2,2013
안보범죄,여자,71세이상,2,2013
안보범죄,여자,미상,0,2013
안보범죄,남자,20세이하,1,2014
안보범죄,남자,21-30세,7,2014
안보범죄,남자,31-40세,14,2014
안보범죄,남자,41-50세,31,2014
안보범죄,남자,51-60세,15,2014
안보범죄,남자,61-70세,4,2014
안보범죄,남자,71세이상,3,2014
안보범죄,남자,미상,0,2014
안보범죄,여자,20세이하,0,2014
안보범죄,여자,21-30세,3,2014
안보범죄,여자,31-40세,0,2014
안보범죄,여자,41-50세,9,2014
안보범죄,여자,51-60세,1,2014
안보범죄,여자,61-70세,1,2014
안보범죄,여자,71세이상,0,2014
안보범죄,여자,미상,1,2014
안보범죄,남자,20세이하,1,2015
안보범죄,남자,21-30세,61,2015
안보범죄,남자,31-40세,26,2015
안보범죄,남자,41-50세,28,2015
안보범죄,남자,51-60세,17,2015
안보범죄,남자,61-70세,7,2015
안보범죄,남자,71세이상,2,2015
안보범죄,남자,미상,0,2015
안보범죄,여자,20세이하,0,2015
안보범죄,여자,21-30세,13,2015
안보범죄,여자,31-40세,7,2015
안보범죄,여자,41-50세,6,2015
안보범죄,여자,51-60세,5,2015
안보범죄,여자,61-70세,0,2015
안보범죄,여자,71세이상,1,2015
안보범죄,여자,미상,0,2015
안보범죄,남자,20세이하,0,2016
안보범죄,남자,21-30세,28,2016
안보범죄,남자,31-40세,24,2016
안보범죄,남자,41-50세,25,2016
안보범죄,남자,51-60세,36,2016
안보범죄,남자,61-70세,16,2016
안보범죄,남자,71세이상,0,2016
안보범죄,남자,미상,4,2016
안보범죄,여자,20세이하,0,2016
안보범죄,여자,21-30세,5,2016
안보범죄,여자,31-40세,3,2016
안보범죄,여자,41-50세,4,2016
안보범죄,여자,51-60세,4,2016
안보범죄,여자,61-70세,0,2016
안보범죄,여자,71세이상,0,2016
안보범죄,여자,미상,2,2016
안보범죄,남자,20세이하,9,2017
안보범죄,남자,21-30세,62,2017
안보범죄,남자,31-40세,52,2017
안보범죄,남자,41-50세,30,2017
안보범죄,남자,51-60세,30,2017
안보범죄,남자,61-70세,11,2017
안보범죄,남자,71세이상,8,2017
안보범죄,남자,미상,2,2017
안보범죄,여자,20세이하,0,2017
안보범죄,여자,21-30세,13,2017
안보범죄,여자,31-40세,17,2017
안보범죄,여자,41-50세,6,2017
안보범죄,여자,51-60세,5,2017
안보범죄,여자,61-70세,4,2017
안보범죄,여자,71세이상,1,2017
안보범죄,여자,미상,1,2017
안보범죄,남자,20세이하,12,2018
안보범죄,남자,21-30세,70,2018
안보범죄,남자,31-40세,24,2018
안보범죄,남자,41-50세,15,2018
안보범죄,남자,51-60세,14,2018
안보범죄,남자,61-70세,4,2018
안보범죄,남자,71세이상,10,2018
안보범죄,남자,미상,8,2018
안보범죄,여자,20세이하,1,2018
안보범죄,여자,21-30세,8,2018
안보범죄,여자,31-40세,6,2018
안보범죄,여자,41-50세,7,2018
안보범죄,여자,51-60세,5,2018
안보범죄,여자,61-70세,0,2018
안보범죄,여자,71세이상,1,2018
안보범죄,여자,미상,2,2018
안보범죄,남자,20세이하,16,2019
안보범죄,남자,21-30세,267,2019
안보범죄,남자,31-40세,97,2019
안보범죄,남자,41-50세,35,2019
안보범죄,남자,51-60세,22,2019
안보범죄,남자,61-70세,5,2019
안보범죄,남자,71세이상,4,2019
안보범죄,남자,미상,0,2019
안보범죄,여자,20세이하,6,2019
안보범죄,여자,21-30세,51,2019
안보범죄,여자,31-40세,18,2019
안보범죄,여자,41-50세,8,2019
안보범죄,여자,51-60세,11,2019
안보범죄,여자,61-70세,1,2019
안보범죄,여자,71세이상,0,2019
안보범죄,여자,미상,4,2019
안보범죄,남자,20세이하,29,2020
안보범죄,남자,21-30세,310,2020
안보범죄,남자,31-40세,148,2020
안보범죄,남자,41-50세,49,2020
안보범죄,남자,51-60세,21,2020
안보범죄,남자,61-70세,12,2020
안보범죄,남자,71세이상,2,2020
안보범죄,남자,미상,4,2020
안보범죄,여자,20세이하,0,2020
안보범죄,여자,21-30세,56,2020
안보범죄,여자,31-40세,25,2020
안보범죄,여자,41-50세,17,2020
안보범죄,여자,51-60세,2,2020
안보범죄,여자,61-70세,2,2020
안보범죄,여자,71세이상,0,2020
안보범죄,여자,미상,1,2020
안보범죄,남자,20세이하,5,2021
안보범죄,남자,21-30세,247,2021
안보범죄,남자,31-40세,214,2021
안보범죄,남자,41-50세,74,2021
안보범죄,남자,51-60세,37,2021
안보범죄,남자,61-70세,15,2021
안보범죄,남자,71세이상,9,2021
안보범죄,남자,미상,0,2021
안보범죄,여자,20세이하,2,2021
안보범죄,여자,21-30세,38,2021
안보범죄,여자,31-40세,23,2021
안보범죄,여자,41-50세,21,2021
안보범죄,여자,51-60세,31,2021
안보범죄,여자,61-70세,11,2021
안보범죄,여자,71세이상,0,2021
안보범죄,여자,미상,12,2021
선거범죄,남자,20세이하,23,2012
선거범죄,남자,21-30세,81,2012
선거범죄,남자,31-40세,195,2012
선거범죄,남자,41-50세,527,2012
선거범죄,남자,51-60세,485,2012
선거범죄,남자,61-70세,154,2012
선거범죄,남자,71세이상,35,2012
선거범죄,남자,미상,0,2012
선거범죄,여자,20세이하,4,2012
선거범죄,여자,21-30세,24,2012
선거범죄,여자,31-40세,60,2012
선거범죄,여자,41-50세,127,2012
선거범죄,여자,51-60세,112,2012
선거범죄,여자,61-70세,23,2012
선거범죄,여자,71세이상,5,2012
선거범죄,여자,미상,0,2012
선거범죄,남자,20세이하,7,2013
선거범죄,남자,21-30세,28,2013
선거범죄,남자,31-40세,51,2013
선거범죄,남자,41-50세,78,2013
선거범죄,남자,51-60세,96,2013
선거범죄,남자,61-70세,49,2013
선거범죄,남자,71세이상,13,2013
선거범죄,남자,미상,1,2013
선거범죄,여자,20세이하,4,2013
선거범죄,여자,21-30세,8,2013
선거범죄,여자,31-40세,13,2013
선거범죄,여자,41-50세,27,2013
선거범죄,여자,51-60세,25,2013
선거범죄,여자,61-70세,7,2013
선거범죄,여자,71세이상,1,2013
선거범죄,여자,미상,1,2013
선거범죄,남자,20세이하,12,2014
선거범죄,남자,21-30세,73,2014
선거범죄,남자,31-40세,179,2014
선거범죄,남자,41-50세,599,2014
선거범죄,남자,51-60세,925,2014
선거범죄,남자,61-70세,402,2014
선거범죄,남자,71세이상,66,2014
선거범죄,남자,미상,12,2014
선거범죄,여자,20세이하,7,2014
선거범죄,여자,21-30세,18,2014
선거범죄,여자,31-40세,59,2014
선거범죄,여자,41-50세,154,2014
선거범죄,여자,51-60세,216,2014
선거범죄,여자,61-70세,71,2014
선거범죄,여자,71세이상,4,2014
선거범죄,여자,미상,3,2014
선거범죄,남자,20세이하,1,2015
선거범죄,남자,21-30세,3,2015
선거범죄,남자,31-40세,18,2015
선거범죄,남자,41-50세,115,2015
선거범죄,남자,51-60세,501,2015
선거범죄,남자,61-70세,291,2015
선거범죄,남자,71세이상,77,2015
선거범죄,남자,미상,1,2015
선거범죄,여자,20세이하,0,2015
선거범죄,여자,21-30세,3,2015
선거범죄,여자,31-40세,2,2015
선거범죄,여자,41-50세,17,2015
선거범죄,여자,51-60세,55,2015
선거범죄,여자,61-70세,21,2015
선거범죄,여자,71세이상,16,2015
선거범죄,여자,미상,0,2015
선거범죄,남자,20세이하,10,2016
선거범죄,남자,21-30세,58,2016
선거범죄,남자,31-40세,81,2016
선거범죄,남자,41-50세,350,2016
선거범죄,남자,51-60세,490,2016
선거범죄,남자,61-70세,177,2016
선거범죄,남자,71세이상,34,2016
선거범죄,남자,미상,21,2016
선거범죄,여자,20세이하,1,2016
선거범죄,여자,21-30세,24,2016
선거범죄,여자,31-40세,32,2016
선거범죄,여자,41-50세,84,2016
선거범죄,여자,51-60세,122,2016
선거범죄,여자,61-70세,30,2016
선거범죄,여자,71세이상,6,2016
선거범죄,여자,미상,5,2016
선거범죄,남자,20세이하,25,2017
선거범죄,남자,21-30세,54,2017
선거범죄,남자,31-40세,51,2017
선거범죄,남자,41-50세,122,2017
선거범죄,남자,51-60세,198,2017
선거범죄,남자,61-70세,108,2017
선거범죄,남자,71세이상,47,2017
선거범죄,남자,미상,0,2017
선거범죄,여자,20세이하,0,2017
선거범죄,여자,21-30세,11,2017
선거범죄,여자,31-40세,25,2017
선거범죄,여자,41-50세,43,2017
선거범죄,여자,51-60세,44,2017
선거범죄,여자,61-70세,23,2017
선거범죄,여자,71세이상,8,2017
선거범죄,여자,미상,28,2017
선거범죄,남자,20세이하,15,2018
선거범죄,남자,21-30세,87,2018
선거범죄,남자,31-40세,201,2018
선거범죄,남자,41-50세,552,2018
선거범죄,남자,51-60세,1030,2018
선거범죄,남자,61-70세,540,2018
선거범죄,남자,71세이상,75,2018
선거범죄,남자,미상,7,2018
선거범죄,여자,20세이하,5,2018
선거범죄,여자,21-30세,29,2018
선거범죄,여자,31-40세,61,2018
선거범죄,여자,41-50세,183,2018
선거범죄,여자,51-60세,341,2018
선거범죄,여자,61-70세,119,2018
선거범죄,여자,71세이상,31,2018
선거범죄,여자,미상,4,2018
선거범죄,남자,20세이하,0,2019
선거범죄,남자,21-30세,1,2019
선거범죄,남자,31-40세,20,2019
선거범죄,남자,41-50세,81,2019
선거범죄,남자,51-60세,417,2019
선거범죄,남자,61-70세,413,2019
선거범죄,남자,71세이상,84,2019
선거범죄,남자,미상,2,2019
선거범죄,여자,20세이하,0,2019
선거범죄,여자,21-30세,1,2019
선거범죄,여자,31-40세,6,2019
선거범죄,여자,41-50세,29,2019
선거범죄,여자,51-60세,71,2019
선거범죄,여자,61-70세,43,2019
선거범죄,여자,71세이상,12,2019
선거범죄,여자,미상,0,2019
선거범죄,남자,20세이하,26,2020
선거범죄,남자,21-30세,63,2020
선거범죄,남자,31-40세,68,2020
선거범죄,남자,41-50세,183,2020
선거범죄,남자,51-60세,383,2020
선거범죄,남자,61-70세,217,2020
선거범죄,남자,71세이상,53,2020
선거범죄,남자,미상,3,2020
선거범죄,여자,20세이하,24,2020
선거범죄,여자,21-30세,47,2020
선거범죄,여자,31-40세,32,2020
선거범죄,여자,41-50세,103,2020
선거범죄,여자,51-60세,211,2020
선거범죄,여자,61-70세,110,2020
선거범죄,여자,71세이상,10,2020
선거범죄,여자,미상,12,2020
선거범죄,남자,20세이하,13,2021
선거범죄,남자,21-30세,10,2021
선거범죄,남자,31-40세,14,2021
선거범죄,남자,41-50세,48,2021
선거범죄,남자,51-60세,93,2021
선거범죄,남자,61-70세,53,2021
선거범죄,남자,71세이상,17,2021
선거범죄,남자,미상,6,2021
선거범죄,여자,20세이하,0,2021
선거범죄,여자,21-30세,1,2021
선거범죄,여자,31-40세,3,2021
선거범죄,여자,41-50세,18,2021
선거범죄,여자,51-60세,20,2021
선거범죄,여자,61-70세,12,2021
선거범죄,여자,71세이상,3,2021
선거범죄,여자,미상,1,2021
병역범죄,남자,20세이하,493,2012
병역범죄,남자,21-30세,15632,2012
병역범죄,남자,31-40세,2010,2012
병역범죄,남자,41-50세,34,2012
병역범죄,남자,51-60세,51,2012
병역범죄,남자,61-70세,5,2012
병역범죄,남자,71세이상,0,2012
병역범죄,남자,미상,0,2012
병역범죄,여자,20세이하,1,2012
병역범죄,여자,21-30세,17,2012
병역범죄,여자,31-40세,5,2012
병역범죄,여자,41-50세,54,2012
병역범죄,여자,51-60세,53,2012
병역범죄,여자,61-70세,4,2012
병역범죄,여자,71세이상,0,2012
병역범죄,여자,미상,0,2012
병역범죄,남자,20세이하,652,2013
병역범죄,남자,21-30세,19646,2013
병역범죄,남자,31-40세,2534,2013
병역범죄,남자,41-50세,30,2013
병역범죄,남자,51-60세,59,2013
병역범죄,남자,61-70세,10,2013
병역범죄,남자,71세이상,0,2013
병역범죄,남자,미상,0,2013
병역범죄,여자,20세이하,5,2013
병역범죄,여자,21-30세,43,2013
병역범죄,여자,31-40세,8,2013
병역범죄,여자,41-50세,95,2013
병역범죄,여자,51-60세,112,2013
병역범죄,여자,61-70세,5,2013
병역범죄,여자,71세이상,1,2013
병역범죄,여자,미상,0,2013
병역범죄,남자,20세이하,621,2014
병역범죄,남자,21-30세,15204,2014
병역범죄,남자,31-40세,2481,2014
병역범죄,남자,41-50세,39,2014
병역범죄,남자,51-60세,37,2014
병역범죄,남자,61-70세,8,2014
병역범죄,남자,71세이상,0,2014
병역범죄,남자,미상,0,2014
병역범죄,여자,20세이하,6,2014
병역범죄,여자,21-30세,21,2014
병역범죄,여자,31-40세,4,2014
병역범죄,여자,41-50세,45,2014
병역범죄,여자,51-60세,54,2014
병역범죄,여자,61-70세,3,2014
병역범죄,여자,71세이상,0,2014
병역범죄,여자,미상,0,2014
병역범죄,남자,20세이하,583,2015
병역범죄,남자,21-30세,14811,2015
병역범죄,남자,31-40세,2679,2015
병역범죄,남자,41-50세,37,2015
병역범죄,남자,51-60세,32,2015
병역범죄,남자,61-70세,3,2015
병역범죄,남자,71세이상,0,2015
병역범죄,남자,미상,0,2015
병역범죄,여자,20세이하,1,2015
병역범죄,여자,21-30세,20,2015
병역범죄,여자,31-40세,3,2015
병역범죄,여자,41-50세,20,2015
병역범죄,여자,51-60세,49,2015
병역범죄,여자,61-70세,2,2015
병역범죄,여자,71세이상,1,2015
병역범죄,여자,미상,0,2015
병역범죄,남자,20세이하,518,2016
병역범죄,남자,21-30세,12812,2016
병역범죄,남자,31-40세,2123,2016
병역범죄,남자,41-50세,35,2016
병역범죄,남자,51-60세,36,2016
병역범죄,남자,61-70세,4,2016
병역범죄,남자,71세이상,0,2016
병역범죄,남자,미상,0,2016
병역범죄,여자,20세이하,3,2016
병역범죄,여자,21-30세,15,2016
병역범죄,여자,31-40세,7,2016
병역범죄,여자,41-50세,36,2016
병역범죄,여자,51-60세,63,2016
병역범죄,여자,61-70세,7,2016
병역범죄,여자,71세이상,0,2016
병역범죄,여자,미상,0,2016
병역범죄,남자,20세이하,489,2017
병역범죄,남자,21-30세,12293,2017
병역범죄,남자,31-40세,1540,2017
병역범죄,남자,41-50세,31,2017
병역범죄,남자,51-60세,41,2017
병역범죄,남자,61-70세,9,2017
병역범죄,남자,71세이상,0,2017
병역범죄,남자,미상,3,2017
병역범죄,여자,20세이하,4,2017
병역범죄,여자,21-30세,18,2017
병역범죄,여자,31-40세,14,2017
병역범죄,여자,41-50세,52,2017
병역범죄,여자,51-60세,74,2017
병역범죄,여자,61-70세,6,2017
병역범죄,여자,71세이상,0,2017
병역범죄,여자,미상,0,2017
병역범죄,남자,20세이하,304,2018
병역범죄,남자,21-30세,11245,2018
병역범죄,남자,31-40세,1424,2018
병역범죄,남자,41-50세,36,2018
병역범죄,남자,51-60세,51,2018
병역범죄,남자,61-70세,7,2018
병역범죄,남자,71세이상,1,2018
병역범죄,남자,미상,3,2018
병역범죄,여자,20세이하,1,2018
병역범죄,여자,21-30세,32,2018
병역범죄,여자,31-40세,9,2018
병역범죄,여자,41-50세,41,2018
병역범죄,여자,51-60세,92,2018
병역범죄,여자,61-70세,8,2018
병역범죄,여자,71세이상,0,2018
병역범죄,여자,미상,0,2018
병역범죄,남자,20세이하,184,2019
병역범죄,남자,21-30세,10148,2019
병역범죄,남자,31-40세,1228,2019
병역범죄,남자,41-50세,31,2019
병역범죄,남자,51-60세,40,2019
병역범죄,남자,61-70세,16,2019
병역범죄,남자,71세이상,1,2019
병역범죄,남자,미상,0,2019
병역범죄,여자,20세이하,1,2019
병역범죄,여자,21-30세,25,2019
병역범죄,여자,31-40세,7,2019
병역범죄,여자,41-50세,42,2019
병역범죄,여자,51-60세,76,2019
병역범죄,여자,61-70세,10,2019
병역범죄,여자,71세이상,0,2019
병역범죄,여자,미상,0,2019
병역범죄,남자,20세이하,126,2020
병역범죄,남자,21-30세,2604,2020
병역범죄,남자,31-40세,383,2020
병역범죄,남자,41-50세,20,2020
병역범죄,남자,51-60세,13,2020
병역범죄,남자,61-70세,5,2020
병역범죄,남자,71세이상,0,2020
병역범죄,남자,미상,1,2020
병역범죄,여자,20세이하,0,2020
병역범죄,여자,21-30세,2,2020
병역범죄,여자,31-40세,0,2020
병역범죄,여자,41-50세,3,2020
병역범죄,여자,51-60세,5,2020
병역범죄,여자,61-70세,1,2020
병역범죄,여자,71세이상,1,2020
병역범죄,여자,미상,0,2020
병역범죄,남자,20세이하,110,2021
병역범죄,남자,21-30세,1094,2021
병역범죄,남자,31-40세,161,2021
병역범죄,남자,41-50세,12,2021
병역범죄,남자,51-60세,11,2021
병역범죄,남자,61-70세,3,2021
병역범죄,남자,71세이상,1,2021
병역범죄,남자,미상,2,2021
병역범죄,여자,20세이하,0,2021
병역범죄,여자,21-30세,0,2021
병역범죄,여자,31-40세,0,2021
병역범죄,여자,41-50세,0,2021
병역범죄,여자,51-60세,1,2021
병역범죄,여자,61-70세,0,2021
병역범죄,여자,71세이상,0,2021
병역범죄,여자,미상,0,2021
기타범죄,남자,20세이하,7729,2012
기타범죄,남자,21-30세,19567,2012
기타범죄,남자,31-40세,33435,2012
기타범죄,남자,41-50세,42849,2012
기타범죄,남자,51-60세,33578,2012
기타범죄,남자,61-70세,11192,2012
기타범죄,남자,71세이상,3525,2012
기타범죄,남자,미상,22,2012
기타범죄,여자,20세이하,3248,2012
기타범죄,여자,21-30세,6406,2012
기타범죄,여자,31-40세,9937,2012
기타범죄,여자,41-50세,17826,2012
기타범죄,여자,51-60세,14183,2012
기타범죄,여자,61-70세,3716,2012
기타범죄,여자,71세이상,1166,2012
기타범죄,여자,미상,53,2012
기타범죄,남자,20세이하,8209,2013
기타범죄,남자,21-30세,20701,2013
기타범죄,남자,31-40세,33752,2013
기타범죄,남자,41-50세,43127,2013
기타범죄,남자,51-60세,35629,2013
기타범죄,남자,61-70세,11771,2013
기타범죄,남자,71세이상,3621,2013
기타범죄,남자,미상,175,2013
기타범죄,여자,20세이하,3002,2013
기타범죄,여자,21-30세,6534,2013
기타범죄,여자,31-40세,9688,2013
기타범죄,여자,41-50세,17373,2013
기타범죄,여자,51-60세,14624,2013
기타범죄,여자,61-70세,3864,2013
기타범죄,여자,71세이상,1297,2013
기타범죄,여자,미상,157,2013
기타범죄,남자,20세이하,8144,2014
기타범죄,남자,21-30세,21134,2014
기타범죄,남자,31-40세,36331,2014
기타범죄,남자,41-50세,45876,2014
기타범죄,남자,51-60세,39714,2014
기타범죄,남자,61-70세,13063,2014
기타범죄,남자,71세이상,4126,2014
기타범죄,남자,미상,135,2014
기타범죄,여자,20세이하,3167,2014
기타범죄,여자,21-30세,7536,2014
기타범죄,여자,31-40세,10580,2014
기타범죄,여자,41-50세,17840,2014
기타범죄,여자,51-60세,16837,2014
기타범죄,여자,61-70세,4574,2014
기타범죄,여자,71세이상,1562,2014
기타범죄,여자,미상,235,2014
기타범죄,남자,20세이하,9101,2015
기타범죄,남자,21-30세,22558,2015
기타범죄,남자,31-40세,36764,2015
기타범죄,남자,41-50세,48004,2015
기타범죄,남자,51-60세,41659,2015
기타범죄,남자,61-70세,14565,2015
기타범죄,남자,71세이상,4804,2015
기타범죄,남자,미상,191,2015
기타범죄,여자,20세이하,3527,2015
기타범죄,여자,21-30세,8054,2015
기타범죄,여자,31-40세,10682,2015
기타범죄,여자,41-50세,17809,2015
기타범죄,여자,51-60세,17160,2015
기타범죄,여자,61-70세,4990,2015
기타범죄,여자,71세이상,1614,2015
기타범죄,여자,미상,265,2015
기타범죄,남자,20세이하,9703,2016
기타범죄,남자,21-30세,33845,2016
기타범죄,남자,31-40세,52450,2016
기타범죄,남자,41-50세,61298,2016
기타범죄,남자,51-60세,53329,2016
기타범죄,남자,61-70세,18877,2016
기타범죄,남자,71세이상,5563,2016
기타범죄,남자,미상,180,2016
기타범죄,여자,20세이하,4385,2016
기타범죄,여자,21-30세,11016,2016
기타범죄,여자,31-40세,13276,2016
기타범죄,여자,41-50세,19848,2016
기타범죄,여자,51-60세,18999,2016
기타범죄,여자,61-70세,5721,2016
기타범죄,여자,71세이상,1742,2016
기타범죄,여자,미상,638,2016
기타범죄,남자,20세이하,8332,2017
기타범죄,남자,21-30세,26913,2017
기타범죄,남자,31-40세,40679,2017
기타범죄,남자,41-50세,51103,2017
기타범죄,남자,51-60세,49009,2017
기타범죄,남자,61-70세,19660,2017
기타범죄,남자,71세이상,5660,2017
기타범죄,남자,미상,146,2017
기타범죄,여자,20세이하,4498,2017
기타범죄,여자,21-30세,9398,2017
기타범죄,여자,31-40세,11651,2017
기타범죄,여자,41-50세,17962,2017
기타범죄,여자,51-60세,19294,2017
기타범죄,여자,61-70세,6523,2017
기타범죄,여자,71세이상,1748,2017
기타범죄,여자,미상,254,2017
기타범죄,남자,20세이하,7272,2018
기타범죄,남자,21-30세,23534,2018
기타범죄,남자,31-40세,34190,2018
기타범죄,남자,41-50세,44545,2018
기타범죄,남자,51-60세,44307,2018
기타범죄,남자,61-70세,19669,2018
기타범죄,남자,71세이상,5969,2018
기타범죄,남자,미상,344,2018
기타범죄,여자,20세이하,3988,2018
기타범죄,여자,21-30세,8715,2018
기타범죄,여자,31-40세,10783,2018
기타범죄,여자,41-50세,16190,2018
기타범죄,여자,51-60세,17944,2018
기타범죄,여자,61-70세,7042,2018
기타범죄,여자,71세이상,2080,2018
기타범죄,여자,미상,451,2018
기타범죄,남자,20세이하,7745,2019
기타범죄,남자,21-30세,24485,2019
기타범죄,남자,31-40세,33200,2019
기타범죄,남자,41-50세,44381,2019
기타범죄,남자,51-60세,46492,2019
기타범죄,남자,61-70세,22124,2019
기타범죄,남자,71세이상,6620,2019
기타범죄,남자,미상,233,2019
기타범죄,여자,20세이하,3786,2019
기타범죄,여자,21-30세,8933,2019
기타범죄,여자,31-40세,11389,2019
기타범죄,여자,41-50세,16970,2019
기타범죄,여자,51-60세,18811,2019
기타범죄,여자,61-70세,7689,2019
기타범죄,여자,71세이상,2360,2019
기타범죄,여자,미상,782,2019
기타범죄,남자,20세이하,8066,2020
기타범죄,남자,21-30세,24841,2020
기타범죄,남자,31-40세,31304,2020
기타범죄,남자,41-50세,41084,2020
기타범죄,남자,51-60세,43798,2020
기타범죄,남자,61-70세,22172,2020
기타범죄,남자,71세이상,6753,2020
기타범죄,남자,미상,246,2020
기타범죄,여자,20세이하,3904,2020
기타범죄,여자,21-30세,8829,2020
기타범죄,여자,31-40세,10685,2020
기타범죄,여자,41-50세,14830,2020
기타범죄,여자,51-60세,16966,2020
기타범죄,여자,61-70세,7537,2020
기타범죄,여자,71세이상,2276,2020
기타범죄,여자,미상,1248,2020
기타범죄,남자,20세이하,7689,2021
기타범죄,남자,21-30세,24005,2021
기타범죄,남자,31-40세,27653,2021
기타범죄,남자,41-50세,37239,2021
기타범죄,남자,51-60세,37970,2021
기타범죄,남자,61-70세,20773,2021
기타범죄,남자,71세이상,6165,2021
기타범죄,남자,미상,250,2021
기타범죄,여자,20세이하,2744,2021
기타범죄,여자,21-30세,8388,2021
기타범죄,여자,31-40세,10416,2021
기타범죄,여자,41-50세,14037,2021
기타범죄,여자,51-60세,14452,2021
기타범죄,여자,61-70세,7085,2021
기타범죄,여자,71세이상,2096,2021
기타범죄,여자,미상,236,2021
